model,sweep_type,input_tokens_requested,output_tokens_requested,run,elapsed_s,energy_uj,cpu_freq_khz
llama-3b,input_sweep,128,64,1,.000803771,167751108703,400000
llama-3b,input_sweep,128,64,1,1.006542661,167771213509,400000
llama-3b,input_sweep,128,64,1,2.013254318,167790292318,4100000
llama-3b,input_sweep,128,64,1,3.019746767,167818833444,567379
llama-3b,input_sweep,128,64,1,4.026421110,167847021909,3842443
llama-3b,input_sweep,128,64,1,5.032954411,167875520066,400000
llama-3b,input_sweep,128,64,1,6.039102335,167899914596,400000
llama-3b,input_sweep,128,64,1,7.046329855,167922723376,4100000
llama-3b,input_sweep,128,64,1,8.054003058,167946121326,4012173
llama-3b,input_sweep,128,64,1,9.061155194,167969315419,4100000
llama-3b,input_sweep,128,64,1,10.068475127,167986403816,3400171
llama-3b,input_sweep,128,64,1,11.078508948,168000848481,400000
llama-3b,input_sweep,128,64,2,.000834886,168031874891,474884
llama-3b,input_sweep,128,64,2,1.006849295,168051888816,4607098
llama-3b,input_sweep,128,64,2,2.013199646,168070700719,4099958
llama-3b,input_sweep,128,64,2,3.019808831,168099012414,3389429
llama-3b,input_sweep,128,64,2,4.026678096,168127166028,4100000
llama-3b,input_sweep,128,64,2,5.033248919,168155358339,4100000
llama-3b,input_sweep,128,64,2,6.039879368,168179943908,4100045
llama-3b,input_sweep,128,64,2,7.046879688,168202919313,4099954
llama-3b,input_sweep,128,64,2,8.054265178,168226070316,4099954
llama-3b,input_sweep,128,64,2,9.061275465,168249274114,4100000
llama-3b,input_sweep,128,64,2,10.068560115,168272261238,4041375
llama-3b,input_sweep,128,64,2,11.075782288,168295353647,400000
llama-3b,input_sweep,128,64,3,.000849984,168326551626,400000
llama-3b,input_sweep,128,64,3,1.007018581,168346668152,400060
llama-3b,input_sweep,128,64,3,2.014181776,168365865063,4100000
llama-3b,input_sweep,128,64,3,3.021511811,168394332337,4100000
llama-3b,input_sweep,128,64,3,4.028726305,168423591966,4100041
llama-3b,input_sweep,128,64,3,5.035512340,168452327916,4100041
llama-3b,input_sweep,128,64,3,6.042040442,168476520969,400000
llama-3b,input_sweep,128,64,3,7.049405994,168499492346,4100000
llama-3b,input_sweep,128,64,3,8.056706669,168522714149,4095992
llama-3b,input_sweep,128,64,3,9.064051460,168545732462,400000
llama-3b,input_sweep,128,64,3,10.071186224,168568735882,4102236
llama-3b,input_sweep,128,64,3,11.078076335,168591819563,4700000
llama-3b,input_sweep,128,64,4,.000846656,168618473120,1112404
llama-3b,input_sweep,128,64,4,1.007197991,168638236742,400000
llama-3b,input_sweep,128,64,4,2.013871203,168658434810,4100000
llama-3b,input_sweep,128,64,4,3.020763049,168686746871,4100000
llama-3b,input_sweep,128,64,4,4.027456111,168715056247,4099958
llama-3b,input_sweep,128,64,4,5.034409174,168743662131,4100000
llama-3b,input_sweep,128,64,4,6.041197084,168768362690,4700000
llama-3b,input_sweep,128,64,4,7.048082591,168791689230,4100000
llama-3b,input_sweep,128,64,4,8.055487742,168815773457,400000
llama-3b,input_sweep,128,64,4,9.062673458,168840150836,4100000
llama-3b,input_sweep,128,64,4,10.070280268,168863866108,4103934
llama-3b,input_sweep,128,64,4,11.077666511,168888066485,4100000
llama-3b,input_sweep,128,64,5,.000865534,168917100957,400000
llama-3b,input_sweep,128,64,5,1.006828181,168936443254,400000
llama-3b,input_sweep,128,64,5,2.013611332,168955976895,4100000
llama-3b,input_sweep,128,64,5,3.020774616,168985233534,4100000
llama-3b,input_sweep,128,64,5,4.027747964,169014614623,4099958
llama-3b,input_sweep,128,64,5,5.034571734,169043176684,4099958
llama-3b,input_sweep,128,64,5,6.041233998,169066744556,4100000
llama-3b,input_sweep,128,64,5,7.048327135,169089798086,400000
llama-3b,input_sweep,128,64,5,8.055332777,169112700065,4099458
llama-3b,input_sweep,128,64,5,9.062329506,169135506343,4100000
llama-3b,input_sweep,128,64,5,10.069532954,169158450498,400000
llama-3b,input_sweep,128,64,5,11.076939514,169181785094,4100000
llama-3b,input_sweep,256,64,1,.000905962,169215075414,400000
llama-3b,input_sweep,256,64,1,1.006859110,169234801315,799171
llama-3b,input_sweep,256,64,1,2.014036835,169254506099,4100000
llama-3b,input_sweep,256,64,1,3.020768357,169282690292,4100000
llama-3b,input_sweep,256,64,1,4.027448962,169311332064,4100000
llama-3b,input_sweep,256,64,1,5.034229543,169340110799,4100000
llama-3b,input_sweep,256,64,1,6.040711395,169368756112,4100000
llama-3b,input_sweep,256,64,1,7.047000272,169397468074,4100000
llama-3b,input_sweep,256,64,1,8.053993626,169424087452,4100000
llama-3b,input_sweep,256,64,1,9.061555623,169446991263,3925877
llama-3b,input_sweep,256,64,1,10.068859526,169470248467,682649
llama-3b,input_sweep,256,64,1,11.075484029,169493269160,4201217
llama-3b,input_sweep,256,64,1,12.082673996,169516227109,4099954
llama-3b,input_sweep,256,64,1,13.090017831,169539058532,4100048
llama-3b,input_sweep,256,64,2,.000857400,169583331490,400000
llama-3b,input_sweep,256,64,2,1.006894446,169603458758,777571
llama-3b,input_sweep,256,64,2,2.013434918,169627614214,4099958
llama-3b,input_sweep,256,64,2,3.020414214,169656196904,4100000
llama-3b,input_sweep,256,64,2,4.027277480,169684121454,400000
llama-3b,input_sweep,256,64,2,5.034053926,169712455732,400000
llama-3b,input_sweep,256,64,2,6.040967264,169741072602,400000
llama-3b,input_sweep,256,64,2,7.048064877,169769499898,400000
llama-3b,input_sweep,256,64,2,8.054723506,169795617873,4100000
llama-3b,input_sweep,256,64,2,9.062231416,169818479936,400000
llama-3b,input_sweep,256,64,2,10.069742686,169841698382,4099947
llama-3b,input_sweep,256,64,2,11.076977550,169865552203,4100000
llama-3b,input_sweep,256,64,2,12.083962433,169888830403,4099958
llama-3b,input_sweep,256,64,2,13.091230534,169913167865,4100000
llama-3b,input_sweep,256,64,3,.000888432,169949714585,400000
llama-3b,input_sweep,256,64,3,1.007052083,169969881831,400000
llama-3b,input_sweep,256,64,3,2.013893393,169989098213,4100000
llama-3b,input_sweep,256,64,3,3.020877977,170017646296,4099958
llama-3b,input_sweep,256,64,3,4.027706531,170046466901,4100000
llama-3b,input_sweep,256,64,3,5.034572607,170074902192,4104100
llama-3b,input_sweep,256,64,3,6.041566742,170103768512,4100000
llama-3b,input_sweep,256,64,3,7.048321643,170132662786,4100000
llama-3b,input_sweep,256,64,3,8.055400247,170159087829,4099954
llama-3b,input_sweep,256,64,3,9.062649071,170181872133,4100000
llama-3b,input_sweep,256,64,3,10.070126366,170204265691,4100000
llama-3b,input_sweep,256,64,3,11.077861220,170223685381,3299104
llama-3b,input_sweep,256,64,3,12.087162029,170238233744,3400035
llama-3b,input_sweep,256,64,3,13.097277599,170252845157,3500000
llama-3b,input_sweep,256,64,3,14.107134521,170267510036,3399962
llama-3b,input_sweep,256,64,4,.000884419,170299139838,400000
llama-3b,input_sweep,256,64,4,1.006799653,170318045918,400000
llama-3b,input_sweep,256,64,4,2.013565874,170338050932,4100000
llama-3b,input_sweep,256,64,4,3.020192359,170366337542,4100000
llama-3b,input_sweep,256,64,4,4.027381137,170394865484,4099958
llama-3b,input_sweep,256,64,4,5.034320612,170423134638,4100000
llama-3b,input_sweep,256,64,4,6.041550583,170451450117,4100000
llama-3b,input_sweep,256,64,4,7.048520010,170480207307,4100000
llama-3b,input_sweep,256,64,4,8.055984234,170504727325,400000
llama-3b,input_sweep,256,64,4,9.065850759,170519334770,3377797
llama-3b,input_sweep,256,64,4,10.075595726,170533753434,3400037
llama-3b,input_sweep,256,64,4,11.085355866,170548312235,3500000
llama-3b,input_sweep,256,64,4,12.094715574,170562984927,3500000
llama-3b,input_sweep,256,64,4,13.104143146,170577806056,3394314
llama-3b,input_sweep,256,64,4,14.113980292,170592507556,3499076
llama-3b,input_sweep,256,64,5,.000854825,170629321549,400000
llama-3b,input_sweep,256,64,5,1.006854032,170649196864,400000
llama-3b,input_sweep,256,64,5,2.013868567,170668750525,4100041
llama-3b,input_sweep,256,64,5,3.020964117,170697125697,4100000
llama-3b,input_sweep,256,64,5,4.027627522,170725583388,4100000
llama-3b,input_sweep,256,64,5,5.034608207,170753906130,4100000
llama-3b,input_sweep,256,64,5,6.041166303,170782097342,4100000
llama-3b,input_sweep,256,64,5,7.048230847,170810677347,4100000
llama-3b,input_sweep,256,64,5,8.055035242,170837870881,4100048
llama-3b,input_sweep,256,64,5,9.062373841,170860806064,4100000
llama-3b,input_sweep,256,64,5,10.069589030,170883472266,4100000
llama-3b,input_sweep,256,64,5,11.077138545,170906159219,400311
llama-3b,input_sweep,256,64,5,12.084796219,170929110577,4100000
llama-3b,input_sweep,256,64,5,13.092170065,170952794110,4100000
llama-3b,input_sweep,384,64,1,.000834536,171004447603,400000
llama-3b,input_sweep,384,64,1,1.007091101,171024205121,400000
llama-3b,input_sweep,384,64,1,2.014033063,171043792717,4100000
llama-3b,input_sweep,384,64,1,3.020809593,171071917035,4100041
llama-3b,input_sweep,384,64,1,4.027450277,171100040437,4194770
llama-3b,input_sweep,384,64,1,5.033856964,171128506734,400000
llama-3b,input_sweep,384,64,1,6.040427367,171157007820,400000
llama-3b,input_sweep,384,64,1,7.047460033,171185540462,400000
llama-3b,input_sweep,384,64,1,8.053851637,171213397141,400000
llama-3b,input_sweep,384,64,1,9.060653018,171238506086,3394687
llama-3b,input_sweep,384,64,1,10.070607523,171253254217,400000
llama-3b,input_sweep,384,64,1,11.081056854,171267664642,3300000
llama-3b,input_sweep,384,64,1,12.091106805,171281949761,3400000
llama-3b,input_sweep,384,64,1,13.100650522,171296620439,3500000
llama-3b,input_sweep,384,64,1,14.110235957,171311406107,3500000
llama-3b,input_sweep,384,64,1,15.120011700,171326225283,3399965
llama-3b,input_sweep,384,64,1,16.129958409,171340996424,3399954
llama-3b,input_sweep,384,64,1,17.140056269,171355778308,3500000
llama-3b,input_sweep,384,64,1,18.149211985,171370435375,400000
llama-3b,input_sweep,384,64,2,.000856816,171396135931,400000
llama-3b,input_sweep,384,64,2,1.007078164,171416256363,400000
llama-3b,input_sweep,384,64,2,2.013695379,171435221403,4099958
llama-3b,input_sweep,384,64,2,3.020474486,171463311663,4099958
llama-3b,input_sweep,384,64,2,4.027758923,171491293219,4100000
llama-3b,input_sweep,384,64,2,5.034512999,171519737422,4100000
llama-3b,input_sweep,384,64,2,6.040992759,171548288313,4100000
llama-3b,input_sweep,384,64,2,7.047554668,171576258639,4100000
llama-3b,input_sweep,384,64,2,8.054753251,171604994527,4100041
llama-3b,input_sweep,384,64,2,9.061432731,171633516549,3962027
llama-3b,input_sweep,384,64,2,10.068640910,171662209713,4099958
llama-3b,input_sweep,384,64,2,11.075207622,171687372674,4099958
llama-3b,input_sweep,384,64,2,12.082276708,171710134273,4100000
llama-3b,input_sweep,384,64,2,13.089478658,171732768187,4100041
llama-3b,input_sweep,384,64,2,14.097984985,171756495116,4100000
llama-3b,input_sweep,384,64,2,15.105575846,171779944824,4100000
llama-3b,input_sweep,384,64,2,16.112843137,171803592225,4098481
llama-3b,input_sweep,384,64,3,.000859133,171842302880,627168
llama-3b,input_sweep,384,64,3,1.006991995,171862157626,400000
llama-3b,input_sweep,384,64,3,2.013602699,171881935225,4100000
llama-3b,input_sweep,384,64,3,3.020881494,171910539583,4099958
llama-3b,input_sweep,384,64,3,4.027517171,171938890828,400000
llama-3b,input_sweep,384,64,3,5.034261822,171966821726,400000
llama-3b,input_sweep,384,64,3,6.041754739,171994820922,3685434
llama-3b,input_sweep,384,64,3,7.048748414,172023592699,4100000
llama-3b,input_sweep,384,64,3,8.055715612,172051594642,4100041
llama-3b,input_sweep,384,64,3,9.063370488,172073114545,3200000
llama-3b,input_sweep,384,64,3,10.073346724,172087590643,3099968
llama-3b,input_sweep,384,64,3,11.083883162,172102014312,3200000
llama-3b,input_sweep,384,64,3,12.093987556,172116318414,3500000
llama-3b,input_sweep,384,64,3,13.103694838,172130955644,3500000
llama-3b,input_sweep,384,64,3,14.113258363,172145769388,3400000
llama-3b,input_sweep,384,64,3,15.123368083,172160521792,3400000
llama-3b,input_sweep,384,64,3,16.133276902,172175365626,3400000
llama-3b,input_sweep,384,64,3,17.142860716,172190202502,3498365
llama-3b,input_sweep,384,64,3,18.152462906,172205065623,3500674
llama-3b,input_sweep,384,64,4,.000855461,172233395201,1435343
llama-3b,input_sweep,384,64,4,1.006671094,172252731089,400000
llama-3b,input_sweep,384,64,4,2.013810224,172272293051,400000
llama-3b,input_sweep,384,64,4,3.021056790,172300477610,400000
llama-3b,input_sweep,384,64,4,4.028334251,172328230652,400000
llama-3b,input_sweep,384,64,4,5.035038540,172355957754,4099958
llama-3b,input_sweep,384,64,4,6.041744124,172384419351,4100000
llama-3b,input_sweep,384,64,4,7.048968359,172412818265,4099958
llama-3b,input_sweep,384,64,4,8.056082813,172441281571,400000
llama-3b,input_sweep,384,64,4,9.062593236,172469592656,400000
llama-3b,input_sweep,384,64,4,10.069406110,172497849847,400000
llama-3b,input_sweep,384,64,4,11.076339780,172523013662,4083602
llama-3b,input_sweep,384,64,4,12.083695778,172549180892,4100000
llama-3b,input_sweep,384,64,4,13.090553921,172572020677,4100000
llama-3b,input_sweep,384,64,4,14.098137964,172594552480,4099950
llama-3b,input_sweep,384,64,4,15.105277538,172617330132,4100000
llama-3b,input_sweep,384,64,4,16.112973697,172633337232,3400000
llama-3b,input_sweep,384,64,4,17.122411187,172647492164,400000
llama-3b,input_sweep,384,64,5,.000896480,172674372161,400000
llama-3b,input_sweep,384,64,5,1.006620796,172694416970,400000
llama-3b,input_sweep,384,64,5,2.013673127,172713617666,4100000
llama-3b,input_sweep,384,64,5,3.020814906,172742180642,4100000
llama-3b,input_sweep,384,64,5,4.027770363,172769978423,400000
llama-3b,input_sweep,384,64,5,5.034860744,172798550371,400000
llama-3b,input_sweep,384,64,5,6.042114293,172826700140,400000
llama-3b,input_sweep,384,64,5,7.049234387,172855122614,400000
llama-3b,input_sweep,384,64,5,8.055943747,172882439683,3500000
llama-3b,input_sweep,384,64,5,9.065142455,172897357796,3199967
llama-3b,input_sweep,384,64,5,10.076126269,172911862764,3200032
llama-3b,input_sweep,384,64,5,11.086801167,172926364253,3236938
llama-3b,input_sweep,384,64,5,12.097034085,172940585408,3500050
llama-3b,input_sweep,384,64,5,13.106518418,172955362775,3400000
llama-3b,input_sweep,384,64,5,14.116043515,172969987066,400000
llama-3b,input_sweep,384,64,5,15.125428277,172985027188,3399965
llama-3b,input_sweep,384,64,5,16.135135968,172999867177,3400000
llama-3b,input_sweep,384,64,5,17.145138373,173014793409,3400000
llama-3b,input_sweep,384,64,5,18.155276143,173029666723,3400047
llama-3b,input_sweep,512,64,1,.000877072,173065184027,400000
llama-3b,input_sweep,512,64,1,1.007097403,173085268753,400000
llama-3b,input_sweep,512,64,1,2.014223214,173104363431,4100000
llama-3b,input_sweep,512,64,1,3.021133943,173132805436,4100041
llama-3b,input_sweep,512,64,1,4.027955450,173160667181,4100000
llama-3b,input_sweep,512,64,1,5.035076035,173188965692,4099958
llama-3b,input_sweep,512,64,1,6.042465512,173217378095,4100000
llama-3b,input_sweep,512,64,1,7.049429060,173246271881,4099958
llama-3b,input_sweep,512,64,1,8.056446727,173274897540,4100000
llama-3b,input_sweep,512,64,1,9.063369016,173303692144,4100000
llama-3b,input_sweep,512,64,1,10.070403988,173331958002,4100000
llama-3b,input_sweep,512,64,1,11.077084447,173360343183,400000
llama-3b,input_sweep,512,64,1,12.083923959,173388799836,400000
llama-3b,input_sweep,512,64,1,13.090704787,173416371848,4100000
llama-3b,input_sweep,512,64,1,14.098311669,173439300989,4100314
llama-3b,input_sweep,512,64,1,15.105797700,173462279202,400000
llama-3b,input_sweep,512,64,1,16.113568439,173484875762,4047833
llama-3b,input_sweep,512,64,1,17.122123454,173501697863,3402138
llama-3b,input_sweep,512,64,1,18.132802882,173516373973,3400000
llama-3b,input_sweep,512,64,1,19.142668418,173530731114,3500038
llama-3b,input_sweep,512,64,2,.000879753,173567069216,400000
llama-3b,input_sweep,512,64,2,1.006923887,173585622575,400000
llama-3b,input_sweep,512,64,2,2.013853481,173605668178,4100000
llama-3b,input_sweep,512,64,2,3.021328012,173634316847,4100000
llama-3b,input_sweep,512,64,2,4.028554273,173662824953,4099958
llama-3b,input_sweep,512,64,2,5.035490031,173691062307,400000
llama-3b,input_sweep,512,64,2,6.042542636,173719139750,400000
llama-3b,input_sweep,512,64,2,7.049120500,173747430205,4100000
llama-3b,input_sweep,512,64,2,8.057022945,173770374787,3200206
llama-3b,input_sweep,512,64,2,9.068117329,173784855768,3144712
llama-3b,input_sweep,512,64,2,10.078194044,173799473712,400000
llama-3b,input_sweep,512,64,2,11.088451460,173813952740,400000
llama-3b,input_sweep,512,64,2,12.098720759,173828599797,3300000
llama-3b,input_sweep,512,64,2,13.108906309,173843241971,3300000
llama-3b,input_sweep,512,64,2,14.118657779,173858157949,3200032
llama-3b,input_sweep,512,64,2,15.129022878,173872633070,3399965
llama-3b,input_sweep,512,64,2,16.138716359,173887432349,3500000
llama-3b,input_sweep,512,64,2,17.148025656,173902400633,3500000
llama-3b,input_sweep,512,64,2,18.158225440,173917332114,3499964
llama-3b,input_sweep,512,64,2,19.167509325,173932252608,3500039
llama-3b,input_sweep,512,64,2,20.176716459,173947232184,398952
llama-3b,input_sweep,512,64,2,21.185909920,173962087675,3500000
llama-3b,input_sweep,512,64,2,22.195329782,173976543266,1034418
llama-3b,input_sweep,512,64,3,.000886776,174003800581,400000
llama-3b,input_sweep,512,64,3,1.007102020,174023650567,400000
llama-3b,input_sweep,512,64,3,2.014271286,174043483219,4100000
llama-3b,input_sweep,512,64,3,3.021514158,174071861931,4100000
llama-3b,input_sweep,512,64,3,4.028557805,174099923809,4100000
llama-3b,input_sweep,512,64,3,5.035601290,174128336029,4100000
llama-3b,input_sweep,512,64,3,6.042389116,174156341390,4100041
llama-3b,input_sweep,512,64,3,7.049080289,174184250498,4100000
llama-3b,input_sweep,512,64,3,8.056321883,174211995178,4100000
llama-3b,input_sweep,512,64,3,9.063305584,174240429797,4100000
llama-3b,input_sweep,512,64,3,10.070260111,174268312416,4100000
llama-3b,input_sweep,512,64,3,11.077395652,174296954189,4010039
llama-3b,input_sweep,512,64,3,12.084883032,174325102005,4099958
llama-3b,input_sweep,512,64,3,13.092616902,174353488163,4100041
llama-3b,input_sweep,512,64,3,14.099754048,174376525152,4020249
llama-3b,input_sweep,512,64,3,15.107203285,174399553108,4100000
llama-3b,input_sweep,512,64,3,16.114931797,174420196976,3493237
llama-3b,input_sweep,512,64,3,17.124742551,174434745218,400000
llama-3b,input_sweep,512,64,3,18.133779381,174449270022,3500000
llama-3b,input_sweep,512,64,3,19.143120073,174463958034,3289069
llama-3b,input_sweep,512,64,3,20.153625151,174478360280,1281761
llama-3b,input_sweep,512,64,4,.000906964,174505662700,400000
llama-3b,input_sweep,512,64,4,1.006650549,174525520010,400000
llama-3b,input_sweep,512,64,4,2.013893038,174545331483,4100041
llama-3b,input_sweep,512,64,4,3.020844919,174573946339,4100041
llama-3b,input_sweep,512,64,4,4.027657329,174602224403,4100041
llama-3b,input_sweep,512,64,4,5.034618625,174630765224,4100000
llama-3b,input_sweep,512,64,4,6.041674707,174658816727,4099958
llama-3b,input_sweep,512,64,4,7.048333347,174687451663,4100041
llama-3b,input_sweep,512,64,4,8.055577397,174714503047,3600000
llama-3b,input_sweep,512,64,4,9.064872342,174729565203,3200000
llama-3b,input_sweep,512,64,4,10.075120950,174743925029,3299966
llama-3b,input_sweep,512,64,4,11.084953565,174758627934,400000
llama-3b,input_sweep,512,64,4,12.095261348,174773121854,3300033
llama-3b,input_sweep,512,64,4,13.105454460,174787893179,3188607
llama-3b,input_sweep,512,64,4,14.116024046,174802548598,400000
llama-3b,input_sweep,512,64,4,15.126064995,174817202369,400000
llama-3b,input_sweep,512,64,4,16.135967358,174832022033,3398253
llama-3b,input_sweep,512,64,4,17.145835235,174846843162,3500000
llama-3b,input_sweep,512,64,4,18.155342768,174861821456,3398375
llama-3b,input_sweep,512,64,4,19.164970636,174876834967,3400034
llama-3b,input_sweep,512,64,4,20.174781327,174891707793,3400000
llama-3b,input_sweep,512,64,4,21.183989030,174906533744,3500000
llama-3b,input_sweep,512,64,5,.000870648,174939704680,1180932
llama-3b,input_sweep,512,64,5,1.006826747,174959036295,4278801
llama-3b,input_sweep,512,64,5,2.014344450,174979006520,4100000
llama-3b,input_sweep,512,64,5,3.021122585,175007522255,4100000
llama-3b,input_sweep,512,64,5,4.028113108,175035375211,4100000
llama-3b,input_sweep,512,64,5,5.034813015,175063183673,3732835
llama-3b,input_sweep,512,64,5,6.041725287,175091421149,400000
llama-3b,input_sweep,512,64,5,7.048851797,175120064630,400000
llama-3b,input_sweep,512,64,5,8.056094460,175148098128,4091683
llama-3b,input_sweep,512,64,5,9.063154995,175176733919,4100000
llama-3b,input_sweep,512,64,5,10.070110938,175205120626,4100000
llama-3b,input_sweep,512,64,5,11.077104090,175232577282,4100000
llama-3b,input_sweep,512,64,5,12.084176812,175256738719,400000
llama-3b,input_sweep,512,64,5,13.092993094,175275328759,400000
llama-3b,input_sweep,512,64,5,14.101880714,175292769144,400000
llama-3b,input_sweep,512,64,5,15.112027756,175307400943,3400000
llama-3b,input_sweep,512,64,5,16.121755351,175322171840,3321491
llama-3b,input_sweep,512,64,5,17.131526066,175336859486,3500000
llama-3b,input_sweep,512,64,5,18.140829832,175351691540,3497838
llama-3b,input_sweep,512,64,5,19.150600700,175366506993,3400000
llama-3b,input_sweep,512,64,5,20.160491376,175381121152,3599963
llama-3b,input_sweep,768,64,1,.000916370,175421308793,1157963
llama-3b,input_sweep,768,64,1,1.007198524,175441104763,400000
llama-3b,input_sweep,768,64,1,2.014266843,175460884498,4099958
llama-3b,input_sweep,768,64,1,3.021139885,175489381922,4100000
llama-3b,input_sweep,768,64,1,4.028351477,175517636367,4100000
llama-3b,input_sweep,768,64,1,5.035009641,175546013125,4100000
llama-3b,input_sweep,768,64,1,6.041881824,175574447500,400000
llama-3b,input_sweep,768,64,1,7.048448647,175603189248,400000
llama-3b,input_sweep,768,64,1,8.055747229,175626248515,400000
llama-3b,input_sweep,768,64,1,9.066175069,175640514775,400000
llama-3b,input_sweep,768,64,1,10.076206552,175655236234,400000
llama-3b,input_sweep,768,64,1,11.086591721,175669840262,400000
llama-3b,input_sweep,768,64,1,12.097448159,175684427443,400000
llama-3b,input_sweep,768,64,1,13.107789955,175699109962,400000
llama-3b,input_sweep,768,64,1,14.118297617,175713978576,400000
llama-3b,input_sweep,768,64,1,15.128271184,175728767906,3200000
llama-3b,input_sweep,768,64,1,16.138646254,175743646652,400000
llama-3b,input_sweep,768,64,1,17.149172494,175758446785,3299966
llama-3b,input_sweep,768,64,1,18.159348273,175773422028,3300000
llama-3b,input_sweep,768,64,1,19.169367290,175788277764,3299966
llama-3b,input_sweep,768,64,1,20.179368938,175803341751,3300000
llama-3b,input_sweep,768,64,1,21.190206122,175818237709,400000
llama-3b,input_sweep,768,64,1,22.200810431,175833014893,3500000
llama-3b,input_sweep,768,64,1,23.210488911,175847955956,3600044
llama-3b,input_sweep,768,64,1,24.220000077,175863162399,400200
llama-3b,input_sweep,768,64,1,25.229568573,175878093024,3600000
llama-3b,input_sweep,768,64,1,26.238932725,175893217741,3599963
llama-3b,input_sweep,768,64,1,27.248259230,175908266043,3599956
llama-3b,input_sweep,768,64,1,28.258062185,175923499646,3500000
llama-3b,input_sweep,768,64,1,29.267873777,175938505834,3499962
llama-3b,input_sweep,768,64,2,.000875526,175973160896,400000
llama-3b,input_sweep,768,64,2,1.006866804,175993210528,4699952
llama-3b,input_sweep,768,64,2,2.014052300,176017353715,4100000
llama-3b,input_sweep,768,64,2,3.021311079,176045590581,4100000
llama-3b,input_sweep,768,64,2,4.028184008,176074084405,4100000
llama-3b,input_sweep,768,64,2,5.035145515,176102058210,4099958
llama-3b,input_sweep,768,64,2,6.042716433,176130385774,4455082
llama-3b,input_sweep,768,64,2,7.050045326,176158600302,4100000
llama-3b,input_sweep,768,64,2,8.057060986,176186872996,3901811
llama-3b,input_sweep,768,64,2,9.064213176,176215262877,4099958
llama-3b,input_sweep,768,64,2,10.070959125,176243746690,4100000
llama-3b,input_sweep,768,64,2,11.078199138,176272301610,4100000
llama-3b,input_sweep,768,64,2,12.085187131,176299976283,4100041
llama-3b,input_sweep,768,64,2,13.091929745,176327622147,4100041
llama-3b,input_sweep,768,64,2,14.099368582,176352104689,3600000
llama-3b,input_sweep,768,64,2,15.108402289,176370469266,3600000
llama-3b,input_sweep,768,64,2,16.117646308,176387750045,3299851
llama-3b,input_sweep,768,64,2,17.127877075,176402343208,3300033
llama-3b,input_sweep,768,64,2,18.138295153,176417085175,3200032
llama-3b,input_sweep,768,64,2,19.148780781,176431695916,400000
llama-3b,input_sweep,768,64,2,20.158814810,176446092181,3500000
llama-3b,input_sweep,768,64,2,21.168762216,176460825358,3599843
llama-3b,input_sweep,768,64,2,22.177959469,176475739322,3499878
llama-3b,input_sweep,768,64,2,23.187308188,176490607264,3600000
llama-3b,input_sweep,768,64,2,24.196982139,176505747484,3505392
llama-3b,input_sweep,768,64,2,25.206987731,176520470713,3300918
llama-3b,input_sweep,768,64,2,26.216311931,176535477084,3599963
llama-3b,input_sweep,768,64,2,27.226040204,176550534479,399831
llama-3b,input_sweep,768,64,3,.000905928,176581946020,400000
llama-3b,input_sweep,768,64,3,1.006865534,176602056503,400000
llama-3b,input_sweep,768,64,3,2.013640951,176621227169,4101104
llama-3b,input_sweep,768,64,3,3.020340178,176649564255,400000
llama-3b,input_sweep,768,64,3,4.027105350,176677672948,400000
llama-3b,input_sweep,768,64,3,5.033944710,176706283836,400000
llama-3b,input_sweep,768,64,3,6.041332869,176734884715,4100000
llama-3b,input_sweep,768,64,3,7.048302047,176763216308,400000
llama-3b,input_sweep,768,64,3,8.055502505,176790460501,400000
llama-3b,input_sweep,768,64,3,9.065004048,176805029311,3300033
llama-3b,input_sweep,768,64,3,10.075007197,176819698158,3200032
llama-3b,input_sweep,768,64,3,11.084999397,176834191956,3315865
llama-3b,input_sweep,768,64,3,12.095246525,176849016137,1971595
llama-3b,input_sweep,768,64,3,13.106682034,176863466112,400000
llama-3b,input_sweep,768,64,3,14.116027666,176878421457,3200032
llama-3b,input_sweep,768,64,3,15.127011979,176893076754,3300000
llama-3b,input_sweep,768,64,3,16.137244690,176908051997,3200032
llama-3b,input_sweep,768,64,3,17.147947204,176922867816,400000
llama-3b,input_sweep,768,64,3,18.158108059,176937725016,3300000
llama-3b,input_sweep,768,64,3,19.168635476,176952708926,3299962
llama-3b,input_sweep,768,64,3,20.178577016,176967614832,3300033
llama-3b,input_sweep,768,64,3,21.188676689,176982725695,3300000
llama-3b,input_sweep,768,64,3,22.198864216,176997186595,3600000
llama-3b,input_sweep,768,64,3,23.207910205,177012123874,3700000
llama-3b,input_sweep,768,64,3,24.216927904,177027244501,3284625
llama-3b,input_sweep,768,64,3,25.226231895,177042289141,3700000
llama-3b,input_sweep,768,64,3,26.234917245,177057337686,3599976
llama-3b,input_sweep,768,64,3,27.244102333,177072470216,3701407
llama-3b,input_sweep,768,64,3,28.253991954,177087562157,3189478
llama-3b,input_sweep,768,64,3,29.262801017,177102806381,3597450
llama-3b,input_sweep,768,64,3,30.271916479,177117812934,3597674
llama-3b,input_sweep,768,64,4,.000893790,177145445249,400000
llama-3b,input_sweep,768,64,4,1.006907309,177165369575,400000
llama-3b,input_sweep,768,64,4,2.013911675,177184578754,400000
llama-3b,input_sweep,768,64,4,3.020949790,177212774117,400000
llama-3b,input_sweep,768,64,4,4.027710513,177241436580,3604777
llama-3b,input_sweep,768,64,4,5.034703062,177269859847,400000
llama-3b,input_sweep,768,64,4,6.041954355,177298521456,400000
llama-3b,input_sweep,768,64,4,7.048703681,177326747946,4099958
llama-3b,input_sweep,768,64,4,8.055914106,177355036326,4100000
llama-3b,input_sweep,768,64,4,9.062472674,177383397032,4100041
llama-3b,input_sweep,768,64,4,10.069156402,177412351731,4100041
llama-3b,input_sweep,768,64,4,11.076486306,177440924534,4099958
llama-3b,input_sweep,768,64,4,12.083536427,177469596274,4100041
llama-3b,input_sweep,768,64,4,13.090023113,177498211313,4100000
llama-3b,input_sweep,768,64,4,14.096675799,177526558531,4100041
llama-3b,input_sweep,768,64,4,15.103747843,177548766970,3599963
llama-3b,input_sweep,768,64,4,16.113497044,177565929280,3222988
llama-3b,input_sweep,768,64,4,17.124280188,177580463422,400000
llama-3b,input_sweep,768,64,4,18.134856236,177595102362,3010344
llama-3b,input_sweep,768,64,4,19.145293217,177609771636,400000
llama-3b,input_sweep,768,64,4,20.155301606,177623974724,3500000
llama-3b,input_sweep,768,64,4,21.164484763,177638844132,3600036
llama-3b,input_sweep,768,64,4,22.173594719,177653638650,3599963
llama-3b,input_sweep,768,64,4,23.183237915,177668507447,3600000
llama-3b,input_sweep,768,64,4,24.194019060,177683449120,3600039
llama-3b,input_sweep,768,64,4,25.203813130,177698363206,3605564
llama-3b,input_sweep,768,64,4,26.213903484,177713413399,3592083
llama-3b,input_sweep,768,64,4,27.224043787,177728487457,3504748
llama-3b,input_sweep,768,64,5,.000821972,177759304029,400000
llama-3b,input_sweep,768,64,5,1.007112570,177779176170,4609148
llama-3b,input_sweep,768,64,5,2.014355761,177798056188,4098718
llama-3b,input_sweep,768,64,5,3.021343050,177826271753,400000
llama-3b,input_sweep,768,64,5,4.028055331,177854646924,4100041
llama-3b,input_sweep,768,64,5,5.035035027,177882610415,4100000
llama-3b,input_sweep,768,64,5,6.041417903,177910393120,4100000
llama-3b,input_sweep,768,64,5,7.048529456,177939026286,4100000
llama-3b,input_sweep,768,64,5,8.055880397,177967337737,400000
llama-3b,input_sweep,768,64,5,9.064879675,177982532888,400000
llama-3b,input_sweep,768,64,5,10.075440442,177996990432,400000
llama-3b,input_sweep,768,64,5,11.085235438,178011452553,400000
llama-3b,input_sweep,768,64,5,12.095540114,178026161317,400000
llama-3b,input_sweep,768,64,5,13.105542631,178040856409,400000
llama-3b,input_sweep,768,64,5,14.115798973,178055704759,3197938
llama-3b,input_sweep,768,64,5,15.125874856,178070345835,3300000
llama-3b,input_sweep,768,64,5,16.136036854,178085341768,400000
llama-3b,input_sweep,768,64,5,17.146129472,178100182429,400000
llama-3b,input_sweep,768,64,5,18.156593582,178115089861,3200032
llama-3b,input_sweep,768,64,5,19.167437544,178130005106,3300000
llama-3b,input_sweep,768,64,5,20.177585909,178144912661,3300033
llama-3b,input_sweep,768,64,5,21.187138252,178160000208,3300000
llama-3b,input_sweep,768,64,5,22.197537834,178174555041,3499961
llama-3b,input_sweep,768,64,5,23.207228311,178189593455,3500000
llama-3b,input_sweep,768,64,5,24.217884940,178204650362,3600000
llama-3b,input_sweep,768,64,5,25.227555560,178219794915,3500000
llama-3b,input_sweep,768,64,5,26.237140935,178234844498,3500000
llama-3b,input_sweep,768,64,5,27.246250479,178249826211,3600036
llama-3b,input_sweep,768,64,5,28.255880344,178265038879,3499350
llama-3b,input_sweep,768,64,5,29.265230116,178280004722,3600000
llama-3b,input_sweep,1024,64,1,.000863705,178318267319,400000
llama-3b,input_sweep,1024,64,1,1.006582841,178338291255,4700000
llama-3b,input_sweep,1024,64,1,2.013614038,178357150521,4100000
llama-3b,input_sweep,1024,64,1,3.021032969,178385510983,4100000
llama-3b,input_sweep,1024,64,1,4.027895270,178413569200,4100000
llama-3b,input_sweep,1024,64,1,5.035079266,178442075352,4100000
llama-3b,input_sweep,1024,64,1,6.042061876,178469590052,4100000
llama-3b,input_sweep,1024,64,1,7.049467702,178498246717,4100000
llama-3b,input_sweep,1024,64,1,8.056149033,178526474977,4099958
llama-3b,input_sweep,1024,64,1,9.063236570,178554887930,400000
llama-3b,input_sweep,1024,64,1,10.070348042,178583287576,400000
llama-3b,input_sweep,1024,64,1,11.077369950,178611572599,3780297
llama-3b,input_sweep,1024,64,1,12.084418908,178640467728,400000
llama-3b,input_sweep,1024,64,1,13.091352865,178669264956,400000
llama-3b,input_sweep,1024,64,1,14.098735437,178695460385,400000
llama-3b,input_sweep,1024,64,1,15.107575035,178714057444,3600036
llama-3b,input_sweep,1024,64,1,16.116987948,178730160979,400000
llama-3b,input_sweep,1024,64,1,17.126602217,178744670342,400000
llama-3b,input_sweep,1024,64,1,18.136923565,178759500199,3258092
llama-3b,input_sweep,1024,64,1,19.146792595,178774312417,3200000
llama-3b,input_sweep,1024,64,1,20.156877822,178788980836,3300000
llama-3b,input_sweep,1024,64,1,21.166615896,178803607264,3400000
llama-3b,input_sweep,1024,64,1,22.176370284,178818591783,400000
llama-3b,input_sweep,1024,64,1,23.186644351,178833496774,400000
llama-3b,input_sweep,1024,64,1,24.196561073,178848426119,400000
llama-3b,input_sweep,1024,64,1,25.206417097,178863306757,400000
llama-3b,input_sweep,1024,64,1,26.216798588,178878307634,3266385
llama-3b,input_sweep,1024,64,1,27.227153635,178892802714,3430032
llama-3b,input_sweep,1024,64,1,28.236121870,178907884584,3600036
llama-3b,input_sweep,1024,64,1,29.245322398,178922998865,3600000
llama-3b,input_sweep,1024,64,1,30.254531503,178938052842,3600000
llama-3b,input_sweep,1024,64,1,31.264153724,178953062386,3500000
llama-3b,input_sweep,1024,64,1,32.274242004,178968165924,3271262
llama-3b,input_sweep,1024,64,1,33.283858788,178983226738,3483661
llama-3b,input_sweep,1024,64,1,34.294068619,178998328445,3278967
llama-3b,input_sweep,1024,64,1,35.303256823,179013338782,621148
llama-3b,input_sweep,1024,64,2,.000884887,179040933194,821038
llama-3b,input_sweep,1024,64,2,1.006889593,179060831947,4700000
llama-3b,input_sweep,1024,64,2,2.013808603,179080075123,4100657
llama-3b,input_sweep,1024,64,2,3.021049351,179108364113,400000
llama-3b,input_sweep,1024,64,2,4.028191852,179136877834,400000
llama-3b,input_sweep,1024,64,2,5.035624239,179164358598,400000
llama-3b,input_sweep,1024,64,2,6.042682616,179192455145,400000
llama-3b,input_sweep,1024,64,2,7.049793178,179220593379,400000
llama-3b,input_sweep,1024,64,2,8.057107387,179248558273,400000
llama-3b,input_sweep,1024,64,2,9.064550116,179266744017,400000
llama-3b,input_sweep,1024,64,2,10.074868916,179281336876,400000
llama-3b,input_sweep,1024,64,2,11.084759514,179295912705,400000
llama-3b,input_sweep,1024,64,2,12.095174024,179310293039,400000
llama-3b,input_sweep,1024,64,2,13.105254633,179324846103,400000
llama-3b,input_sweep,1024,64,2,14.114603013,179339922358,400000
llama-3b,input_sweep,1024,64,2,15.125217805,179354660235,3300000
llama-3b,input_sweep,1024,64,2,16.135389167,179369454021,3300000
llama-3b,input_sweep,1024,64,2,17.145859152,179384334354,3300033
llama-3b,input_sweep,1024,64,2,18.155863385,179399230128,3300033
llama-3b,input_sweep,1024,64,2,19.166230903,179413971973,3400034
llama-3b,input_sweep,1024,64,2,20.175809063,179429153392,3300033
llama-3b,input_sweep,1024,64,2,21.185649901,179444215121,3200000
llama-3b,input_sweep,1024,64,2,22.196067245,179458996028,3300033
llama-3b,input_sweep,1024,64,2,23.205972072,179473971148,3300000
llama-3b,input_sweep,1024,64,2,24.216008976,179489017557,400000
llama-3b,input_sweep,1024,64,2,25.225482388,179504190858,400000
llama-3b,input_sweep,1024,64,2,26.235994942,179519285119,400000
llama-3b,input_sweep,1024,64,2,27.246198556,179534280747,400000
llama-3b,input_sweep,1024,64,2,28.256228410,179549302742,400000
llama-3b,input_sweep,1024,64,2,29.266215340,179564142487,400000
llama-3b,input_sweep,1024,64,2,30.275643333,179579198906,3500000
llama-3b,input_sweep,1024,64,2,31.285281314,179594367324,3499929
llama-3b,input_sweep,1024,64,2,32.294552331,179609374366,3600045
llama-3b,input_sweep,1024,64,2,33.303769222,179624550169,3535664
llama-3b,input_sweep,1024,64,2,34.313010490,179639615988,3600000
llama-3b,input_sweep,1024,64,2,35.322034944,179654818891,3500000
llama-3b,input_sweep,1024,64,2,36.331515653,179669986271,3500035
llama-3b,input_sweep,1024,64,2,37.341122010,179684852383,3600000
llama-3b,input_sweep,1024,64,3,.000878291,179711534627,400000
llama-3b,input_sweep,1024,64,3,1.006733212,179729496068,400000
llama-3b,input_sweep,1024,64,3,2.013814331,179749828291,4100000
llama-3b,input_sweep,1024,64,3,3.020537787,179777676669,4099958
llama-3b,input_sweep,1024,64,3,4.027086062,179804922815,4099958
llama-3b,input_sweep,1024,64,3,5.034231598,179833383863,4099958
llama-3b,input_sweep,1024,64,3,6.041778510,179862119996,4593449
llama-3b,input_sweep,1024,64,3,7.049014911,179890811145,4100000
llama-3b,input_sweep,1024,64,3,8.056167237,179919761022,4100041
llama-3b,input_sweep,1024,64,3,9.063397187,179948215600,4100041
llama-3b,input_sweep,1024,64,3,10.070369399,179976574292,4100000
llama-3b,input_sweep,1024,64,3,11.077416753,180005433044,4099958
llama-3b,input_sweep,1024,64,3,12.084912165,180034030200,4099958
llama-3b,input_sweep,1024,64,3,13.092312687,180062604346,4100000
llama-3b,input_sweep,1024,64,3,14.099223409,180091483666,4099958
llama-3b,input_sweep,1024,64,3,15.105915656,180119753186,4100000
llama-3b,input_sweep,1024,64,3,16.113543536,180139260949,400000
llama-3b,input_sweep,1024,64,3,17.122990874,180157887183,3221030
llama-3b,input_sweep,1024,64,3,18.132390750,180173896419,3070108
llama-3b,input_sweep,1024,64,3,19.143151136,180188461384,400000
llama-3b,input_sweep,1024,64,3,20.153903651,180203179425,400000
llama-3b,input_sweep,1024,64,3,21.163866074,180217867803,400000
llama-3b,input_sweep,1024,64,3,22.173798154,180232595610,3393990
llama-3b,input_sweep,1024,64,3,23.183738243,180247613699,3300000
llama-3b,input_sweep,1024,64,3,24.194077463,180262456617,3300000
llama-3b,input_sweep,1024,64,3,25.204281421,180277338232,3300000
llama-3b,input_sweep,1024,64,3,26.214877025,180292315428,3200000
llama-3b,input_sweep,1024,64,3,27.225020622,180306820823,3167019
llama-3b,input_sweep,1024,64,3,28.234633988,180321809981,3061678
llama-3b,input_sweep,1024,64,3,29.244039741,180336780463,3603405
llama-3b,input_sweep,1024,64,3,30.253786173,180351878813,3501318
llama-3b,input_sweep,1024,64,3,31.263231672,180366934865,400000
llama-3b,input_sweep,1024,64,3,32.272363771,180381969190,3599472
llama-3b,input_sweep,1024,64,3,33.281909150,180396981969,3497669
llama-3b,input_sweep,1024,64,3,34.292174488,180412147274,3499961
llama-3b,input_sweep,1024,64,4,.000880303,180447498075,1107453
llama-3b,input_sweep,1024,64,4,1.006897883,180467325600,4700000
llama-3b,input_sweep,1024,64,4,2.013621531,180486424000,4099958
llama-3b,input_sweep,1024,64,4,3.020833450,180514779519,4100041
llama-3b,input_sweep,1024,64,4,4.027891140,180543393764,4099958
llama-3b,input_sweep,1024,64,4,5.034722846,180571535904,4100041
llama-3b,input_sweep,1024,64,4,6.041885138,180599656621,4100000
llama-3b,input_sweep,1024,64,4,7.049141330,180628070122,400000
llama-3b,input_sweep,1024,64,4,8.056268398,180654184496,400000
llama-3b,input_sweep,1024,64,4,9.066530839,180668857249,400000
llama-3b,input_sweep,1024,64,4,10.076713843,180683325230,400000
llama-3b,input_sweep,1024,64,4,11.087095246,180697877561,400000
llama-3b,input_sweep,1024,64,4,12.097653632,180712530538,3200000
llama-3b,input_sweep,1024,64,4,13.108009250,180727049605,3300000
llama-3b,input_sweep,1024,64,4,14.118001554,180741945136,3300000
llama-3b,input_sweep,1024,64,4,15.128217012,180756750579,3300033
llama-3b,input_sweep,1024,64,4,16.138786295,180771655631,3300033
llama-3b,input_sweep,1024,64,4,17.149316765,180786537917,400000
llama-3b,input_sweep,1024,64,4,18.159457987,180801460242,400000
llama-3b,input_sweep,1024,64,4,19.169382834,180816277038,3300033
llama-3b,input_sweep,1024,64,4,20.179276080,180831293052,3299966
llama-3b,input_sweep,1024,64,4,21.189663716,180846420821,3200000
llama-3b,input_sweep,1024,64,4,22.199861511,180861220465,3399965
llama-3b,input_sweep,1024,64,4,23.209109079,180876204131,3400034
llama-3b,input_sweep,1024,64,4,24.218583527,180891375845,3300000
llama-3b,input_sweep,1024,64,4,25.228476263,180906254896,3400000
llama-3b,input_sweep,1024,64,4,26.237926653,180921566929,3200000
llama-3b,input_sweep,1024,64,4,27.248357784,180936534359,3300000
llama-3b,input_sweep,1024,64,4,28.258181927,180951507221,3303256
llama-3b,input_sweep,1024,64,4,29.268202211,180966244305,400000
llama-3b,input_sweep,1024,64,4,30.277539819,180981310429,400000
llama-3b,input_sweep,1024,64,4,31.286709983,180996477199,3600000
llama-3b,input_sweep,1024,64,4,32.295903219,181011697497,3600000
llama-3b,input_sweep,1024,64,4,33.304986081,181026799021,3436131
llama-3b,input_sweep,1024,64,4,34.314831487,181041842256,3600000
llama-3b,input_sweep,1024,64,4,35.324627759,181057120782,3605128
llama-3b,input_sweep,1024,64,4,36.334363644,181072192459,3499269
llama-3b,input_sweep,1024,64,4,37.344036344,181087301918,3493139
llama-3b,input_sweep,1024,64,5,.000916220,181115831447,400000
llama-3b,input_sweep,1024,64,5,1.007262831,181135838659,400000
llama-3b,input_sweep,1024,64,5,2.014389911,181155033922,400000
llama-3b,input_sweep,1024,64,5,3.021518767,181183461401,400000
llama-3b,input_sweep,1024,64,5,4.028490804,181212015771,400000
llama-3b,input_sweep,1024,64,5,5.035368335,181240099195,400000
llama-3b,input_sweep,1024,64,5,6.042328755,181268029971,400000
llama-3b,input_sweep,1024,64,5,7.049590117,181296574881,400000
llama-3b,input_sweep,1024,64,5,8.056717595,181325224526,400000
llama-3b,input_sweep,1024,64,5,9.063573511,181353364408,4100041
llama-3b,input_sweep,1024,64,5,10.070740210,181381319781,4099958
llama-3b,input_sweep,1024,64,5,11.077856360,181409907354,4100000
llama-3b,input_sweep,1024,64,5,12.085072764,181438689568,4100041
llama-3b,input_sweep,1024,64,5,13.092393778,181467254741,4100000
llama-3b,input_sweep,1024,64,5,14.099585312,181492218911,400000
llama-3b,input_sweep,1024,64,5,15.109086934,181507781066,400000
llama-3b,input_sweep,1024,64,5,16.119175868,181522196129,400000
llama-3b,input_sweep,1024,64,5,17.129212417,181536925645,400000
llama-3b,input_sweep,1024,64,5,18.140078359,181551603464,400000
llama-3b,input_sweep,1024,64,5,19.150603845,181566248995,3300000
llama-3b,input_sweep,1024,64,5,20.160732025,181580914790,3299966
llama-3b,input_sweep,1024,64,5,21.170548029,181595725299,3400000
llama-3b,input_sweep,1024,64,5,22.180702315,181610690898,3300033
llama-3b,input_sweep,1024,64,5,23.190537880,181625601931,400000
llama-3b,input_sweep,1024,64,5,24.200981949,181640362453,400000
llama-3b,input_sweep,1024,64,5,25.211323939,181655505419,400000
llama-3b,input_sweep,1024,64,5,26.221901912,181670405283,400000
llama-3b,input_sweep,1024,64,5,27.231250645,181685108371,956702
llama-3b,input_sweep,1024,64,5,28.240717111,181700068965,3499961
llama-3b,input_sweep,1024,64,5,29.250463642,181715147478,3436362
llama-3b,input_sweep,1024,64,5,30.260254430,181730100931,3600000
llama-3b,input_sweep,1024,64,5,31.269717539,181745225099,3590476
llama-3b,input_sweep,1024,64,5,32.278980845,181760286279,3599960
llama-3b,input_sweep,1024,64,5,33.288938284,181775475876,3500000
llama-3b,input_sweep,1024,64,5,34.298253809,181790438362,3600000
llama-3b,input_sweep,1024,64,5,35.307146374,181805550384,3499961
llama-3b,input_sweep,1536,64,1,.000915364,181841052185,861907
llama-3b,input_sweep,1536,64,1,1.006928705,181860969920,4700000
llama-3b,input_sweep,1536,64,1,2.013812385,181880208762,4100041
llama-3b,input_sweep,1536,64,1,3.020744809,181908701915,4099958
llama-3b,input_sweep,1536,64,1,4.027504702,181937057372,4100041
llama-3b,input_sweep,1536,64,1,5.034460450,181965306567,4100000
llama-3b,input_sweep,1536,64,1,6.041471269,181993525794,4100000
llama-3b,input_sweep,1536,64,1,7.048121401,182021429409,4100000
llama-3b,input_sweep,1536,64,1,8.055431011,182049290788,3858690
llama-3b,input_sweep,1536,64,1,9.064471935,182064586586,400000
llama-3b,input_sweep,1536,64,1,10.074649821,182079072999,400000
llama-3b,input_sweep,1536,64,1,11.085177387,182093787989,400000
llama-3b,input_sweep,1536,64,1,12.095168432,182108232898,3162142
llama-3b,input_sweep,1536,64,1,13.105188767,182122952099,400000
llama-3b,input_sweep,1536,64,1,14.114942997,182137771152,400000
llama-3b,input_sweep,1536,64,1,15.125171321,182152618404,400000
llama-3b,input_sweep,1536,64,1,16.135965341,182167452778,400000
llama-3b,input_sweep,1536,64,1,17.146312863,182182218609,400000
llama-3b,input_sweep,1536,64,1,18.156703723,182197235600,400000
llama-3b,input_sweep,1536,64,1,19.167234559,182212104214,3160468
llama-3b,input_sweep,1536,64,1,20.177465071,182227090565,3200000
llama-3b,input_sweep,1536,64,1,21.187769375,182242021130,3300000
llama-3b,input_sweep,1536,64,1,22.197435982,182256883762,3400000
llama-3b,input_sweep,1536,64,1,23.207209502,182272179561,400000
llama-3b,input_sweep,1536,64,1,24.217170605,182287168170,400000
llama-3b,input_sweep,1536,64,1,25.227163977,182302135234,400000
llama-3b,input_sweep,1536,64,1,26.236777669,182317047061,400000
llama-3b,input_sweep,1536,64,1,27.246454157,182332331689,400000
llama-3b,input_sweep,1536,64,1,28.256994143,182347152574,400000
llama-3b,input_sweep,1536,64,1,29.266544745,182362562569,3200000
llama-3b,input_sweep,1536,64,1,30.277279819,182377681915,3206224
llama-3b,input_sweep,1536,64,1,31.287908370,182392489006,400000
llama-3b,input_sweep,1536,64,1,32.297484212,182407758498,3300000
llama-3b,input_sweep,1536,64,1,33.307939932,182422860694,3300033
llama-3b,input_sweep,1536,64,1,34.317819350,182437938170,3299966
llama-3b,input_sweep,1536,64,1,35.327766437,182453007284,3299966
llama-3b,input_sweep,1536,64,1,36.337403180,182468260480,400000
llama-3b,input_sweep,1536,64,1,37.347519685,182483325627,400000
llama-3b,input_sweep,1536,64,1,38.357515953,182498471035,3400034
llama-3b,input_sweep,1536,64,1,39.367239339,182513481311,3400034
llama-3b,input_sweep,1536,64,1,40.376506556,182528630442,3399965
llama-3b,input_sweep,1536,64,1,41.386157654,182543804110,3299966
llama-3b,input_sweep,1536,64,1,42.395990415,182558838495,3399965
llama-3b,input_sweep,1536,64,1,43.405130701,182574122880,3300000
llama-3b,input_sweep,1536,64,1,44.414703311,182588905129,3599707
llama-3b,input_sweep,1536,64,1,45.424406444,182604035462,3599963
llama-3b,input_sweep,1536,64,1,46.434964776,182619288535,3603358
llama-3b,input_sweep,1536,64,1,47.445289283,182634428450,3472453
llama-3b,input_sweep,1536,64,1,48.454967745,182649449957,3652130
llama-3b,input_sweep,1536,64,1,49.464039157,182664676847,3600036
llama-3b,input_sweep,1536,64,1,50.474021051,182679920216,3530129
llama-3b,input_sweep,1536,64,1,51.483384685,182695077099,3600000
llama-3b,input_sweep,1536,64,1,52.492813265,182709993809,3700000
llama-3b,input_sweep,1536,64,2,.000860641,182744038826,400000
llama-3b,input_sweep,1536,64,2,1.006582201,182763802265,400000
llama-3b,input_sweep,1536,64,2,2.013840181,182783694975,4100000
llama-3b,input_sweep,1536,64,2,3.021271097,182811877764,4100000
llama-3b,input_sweep,1536,64,2,4.028693939,182840454290,4100000
llama-3b,input_sweep,1536,64,2,5.035520715,182868823358,3852145
llama-3b,input_sweep,1536,64,2,6.042878135,182896830488,3581927
llama-3b,input_sweep,1536,64,2,7.050819430,182925492524,400000
llama-3b,input_sweep,1536,64,2,8.057858083,182953757589,400000
llama-3b,input_sweep,1536,64,2,9.064861307,182982382943,400000
llama-3b,input_sweep,1536,64,2,10.071543555,183011094966,4100000
llama-3b,input_sweep,1536,64,2,11.078628065,183039155625,4100000
llama-3b,input_sweep,1536,64,2,12.085427984,183067304661,3474656
llama-3b,input_sweep,1536,64,2,13.092271471,183095783959,400000
llama-3b,input_sweep,1536,64,2,14.099075497,183124541881,400000
llama-3b,input_sweep,1536,64,2,15.106400092,183145950822,400000
llama-3b,input_sweep,1536,64,2,16.115734371,183163602511,400000
llama-3b,input_sweep,1536,64,2,17.125656079,183178363215,400000
llama-3b,input_sweep,1536,64,2,18.135981168,183192690632,400000
llama-3b,input_sweep,1536,64,2,19.145572082,183207637066,400000
llama-3b,input_sweep,1536,64,2,20.155695304,183222053472,400000
llama-3b,input_sweep,1536,64,2,21.165377321,183237045560,400000
llama-3b,input_sweep,1536,64,2,22.175703903,183251825857,400000
llama-3b,input_sweep,1536,64,2,23.185862399,183266672803,3299966
llama-3b,input_sweep,1536,64,2,24.196013537,183281582433,3300000
llama-3b,input_sweep,1536,64,2,25.206294589,183296725278,3200000
llama-3b,input_sweep,1536,64,2,26.216903218,183311636189,3301038
llama-3b,input_sweep,1536,64,2,27.226878419,183326574261,400000
llama-3b,input_sweep,1536,64,2,28.237171234,183341621342,3200000
llama-3b,input_sweep,1536,64,2,29.247866945,183356578335,3299966
llama-3b,input_sweep,1536,64,2,30.258156790,183371614612,3300000
llama-3b,input_sweep,1536,64,2,31.268330722,183386536327,3300000
llama-3b,input_sweep,1536,64,2,32.278955120,183401502292,3400000
llama-3b,input_sweep,1536,64,2,33.288713823,183416750544,3300033
llama-3b,input_sweep,1536,64,2,34.298795567,183431777666,3299966
llama-3b,input_sweep,1536,64,2,35.308386300,183446955118,3300759
llama-3b,input_sweep,1536,64,2,36.318464269,183462033753,3199020
llama-3b,input_sweep,1536,64,2,37.328321018,183477101525,3300000
llama-3b,input_sweep,1536,64,2,38.337835708,183492022690,3400000
llama-3b,input_sweep,1536,64,2,39.347369772,183507113045,3400000
llama-3b,input_sweep,1536,64,2,40.356897388,183522406768,3300000
llama-3b,input_sweep,1536,64,2,41.366806237,183537433402,400000
llama-3b,input_sweep,1536,64,2,42.376555540,183552175124,400000
llama-3b,input_sweep,1536,64,2,43.385998516,183567350439,3600000
llama-3b,input_sweep,1536,64,2,44.395329234,183582419187,400000
llama-3b,input_sweep,1536,64,2,45.404648333,183597620015,400000
llama-3b,input_sweep,1536,64,2,46.413955656,183612933208,3599955
llama-3b,input_sweep,1536,64,2,47.423462290,183628048099,3600000
llama-3b,input_sweep,1536,64,2,48.433461266,183643241358,3500000
llama-3b,input_sweep,1536,64,2,49.443483379,183658356920,3500000
llama-3b,input_sweep,1536,64,2,50.453378723,183673441110,3600000
llama-3b,input_sweep,1536,64,3,.000898422,183709165384,1010543
llama-3b,input_sweep,1536,64,3,1.006774166,183729152149,400000
llama-3b,input_sweep,1536,64,3,2.013622001,183748991576,4099958
llama-3b,input_sweep,1536,64,3,3.020965924,183777590563,4099958
llama-3b,input_sweep,1536,64,3,4.027814017,183805506934,4100000
llama-3b,input_sweep,1536,64,3,5.034879915,183834023463,4100000
llama-3b,input_sweep,1536,64,3,6.041663780,183862370741,4100041
llama-3b,input_sweep,1536,64,3,7.048959677,183890551577,4082251
llama-3b,input_sweep,1536,64,3,8.056408791,183916176512,3299966
llama-3b,input_sweep,1536,64,3,9.066950457,183930550437,3300033
llama-3b,input_sweep,1536,64,3,10.076849690,183945380111,400000
llama-3b,input_sweep,1536,64,3,11.087451672,183959659066,400000
llama-3b,input_sweep,1536,64,3,12.097852912,183974377107,400000
llama-3b,input_sweep,1536,64,3,13.108069487,183989183710,400000
llama-3b,input_sweep,1536,64,3,14.118600064,184003815081,400000
llama-3b,input_sweep,1536,64,3,15.128834939,184018711344,3202599
llama-3b,input_sweep,1536,64,3,16.139136555,184033563296,400000
llama-3b,input_sweep,1536,64,3,17.150000942,184048488978,3299966
llama-3b,input_sweep,1536,64,3,18.159944718,184063226184,400000
llama-3b,input_sweep,1536,64,3,19.170124532,184078157542,400000
llama-3b,input_sweep,1536,64,3,20.180065688,184093176059,400000
llama-3b,input_sweep,1536,64,3,21.189903799,184108274409,400000
llama-3b,input_sweep,1536,64,3,22.200123290,184123346758,400000
llama-3b,input_sweep,1536,64,3,23.211007743,184138384500,400000
llama-3b,input_sweep,1536,64,3,24.221141932,184153291933,400000
llama-3b,input_sweep,1536,64,3,25.231037114,184168438927,400000
llama-3b,input_sweep,1536,64,3,26.241173131,184183351060,3300000
llama-3b,input_sweep,1536,64,3,27.251778023,184198439522,400000
llama-3b,input_sweep,1536,64,3,28.261567245,184213395538,400000
llama-3b,input_sweep,1536,64,3,29.271377433,184228541740,400000
llama-3b,input_sweep,1536,64,3,30.280995813,184243623916,3399965
llama-3b,input_sweep,1536,64,3,31.290208165,184258967993,3300000
llama-3b,input_sweep,1536,64,3,32.300474725,184273984006,3300000
llama-3b,input_sweep,1536,64,3,33.310505679,184289192769,400000
llama-3b,input_sweep,1536,64,3,34.321092686,184304207013,400000
llama-3b,input_sweep,1536,64,3,35.331075660,184319169071,400000
llama-3b,input_sweep,1536,64,3,36.340622456,184334315090,400000
llama-3b,input_sweep,1536,64,3,37.350247152,184349429614,3400034
llama-3b,input_sweep,1536,64,3,38.359622780,184364572886,3400000
llama-3b,input_sweep,1536,64,3,39.369104941,184379776399,3400034
llama-3b,input_sweep,1536,64,3,40.378919455,184394761590,400000
llama-3b,input_sweep,1536,64,3,41.388320739,184410140091,3300000
llama-3b,input_sweep,1536,64,3,42.398217967,184425224708,3400000
llama-3b,input_sweep,1536,64,3,43.407781133,184440277831,3399965
llama-3b,input_sweep,1536,64,3,44.417025766,184454983421,3600000
llama-3b,input_sweep,1536,64,3,45.426088600,184470157088,3600000
llama-3b,input_sweep,1536,64,3,46.435364823,184485433905,3600238
llama-3b,input_sweep,1536,64,3,47.444901785,184500598722,3600000
llama-3b,input_sweep,1536,64,3,48.454067756,184515704335,3604528
llama-3b,input_sweep,1536,64,3,49.462836086,184530842724,400000
llama-3b,input_sweep,1536,64,3,50.472430652,184546004062,3600000
llama-3b,input_sweep,1536,64,3,51.481848392,184561216792,3500509
llama-3b,input_sweep,1536,64,3,52.491586828,184576416948,3500896
llama-3b,input_sweep,1536,64,3,53.501482783,184591271890,400000
llama-3b,input_sweep,1536,64,4,.000871430,184618482575,400000
llama-3b,input_sweep,1536,64,4,1.006845689,184638541911,4700000
llama-3b,input_sweep,1536,64,4,2.014150657,184657510185,4100000
llama-3b,input_sweep,1536,64,4,3.021380552,184686091350,4099958
llama-3b,input_sweep,1536,64,4,4.028584284,184713853669,4100000
llama-3b,input_sweep,1536,64,4,5.035865510,184742110555,4100041
llama-3b,input_sweep,1536,64,4,6.042619021,184770317086,4100000
llama-3b,input_sweep,1536,64,4,7.049511029,184799202694,1934817
llama-3b,input_sweep,1536,64,4,8.056597023,184827364365,400000
llama-3b,input_sweep,1536,64,4,9.063899905,184855194799,400000
llama-3b,input_sweep,1536,64,4,10.071222175,184883702111,400000
llama-3b,input_sweep,1536,64,4,11.078146164,184912397167,400000
llama-3b,input_sweep,1536,64,4,12.085141100,184940948119,400000
llama-3b,input_sweep,1536,64,4,13.091898384,184969475695,400000
llama-3b,input_sweep,1536,64,4,14.099196438,184997591956,400000
llama-3b,input_sweep,1536,64,4,15.106108788,185025439419,400000
llama-3b,input_sweep,1536,64,4,16.113465690,185046856540,400000
llama-3b,input_sweep,1536,64,4,17.122128948,185063193290,400000
llama-3b,input_sweep,1536,64,4,18.132663451,185077747879,400000
llama-3b,input_sweep,1536,64,4,19.142737867,185092196389,400000
llama-3b,input_sweep,1536,64,4,20.152853350,185106992189,400000
llama-3b,input_sweep,1536,64,4,21.163270292,185121804895,3200000
llama-3b,input_sweep,1536,64,4,22.174039571,185136398913,3300000
llama-3b,input_sweep,1536,64,4,23.183993529,185151227061,3299966
llama-3b,input_sweep,1536,64,4,24.194502216,185166269015,3200000
llama-3b,input_sweep,1536,64,4,25.205155713,185180865047,3399963
llama-3b,input_sweep,1536,64,4,26.215178406,185196142351,3200032
llama-3b,input_sweep,1536,64,4,27.225633937,185210869975,3300000
llama-3b,input_sweep,1536,64,4,28.235233316,185226065370,2927315
llama-3b,input_sweep,1536,64,4,29.245536699,185241024194,400000
llama-3b,input_sweep,1536,64,4,30.255742032,185256021531,400000
llama-3b,input_sweep,1536,64,4,31.265795586,185270801035,400000
llama-3b,input_sweep,1536,64,4,32.275751547,185285910310,400000
llama-3b,input_sweep,1536,64,4,33.285258699,185301024407,400000
llama-3b,input_sweep,1536,64,4,34.295234471,185316059647,400000
llama-3b,input_sweep,1536,64,4,35.305151461,185331270484,400000
llama-3b,input_sweep,1536,64,4,36.315625728,185346425292,400000
llama-3b,input_sweep,1536,64,4,37.325348422,185361447409,400000
llama-3b,input_sweep,1536,64,4,38.335819445,185376560652,400000
llama-3b,input_sweep,1536,64,4,39.345623898,185391411627,400000
llama-3b,input_sweep,1536,64,4,40.354722593,185406683438,3400000
llama-3b,input_sweep,1536,64,4,41.364260034,185421762562,400000
llama-3b,input_sweep,1536,64,4,42.374343276,185436451978,400000
llama-3b,input_sweep,1536,64,4,43.383810558,185451602940,3576390
llama-3b,input_sweep,1536,64,4,44.393100592,185466794918,1614843
llama-3b,input_sweep,1536,64,4,45.402412195,185482023272,3599959
llama-3b,input_sweep,1536,64,4,46.411617134,185497192667,3601399
llama-3b,input_sweep,1536,64,4,47.421307297,185512294069,3597997
llama-3b,input_sweep,1536,64,4,48.431119175,185527520775,400000
llama-3b,input_sweep,1536,64,4,49.441041339,185542615768,3599962
llama-3b,input_sweep,1536,64,4,50.450886490,185557765327,3599955
llama-3b,input_sweep,1536,64,5,.000868582,185591327253,400000
llama-3b,input_sweep,1536,64,5,1.007344442,185611487296,4613281
llama-3b,input_sweep,1536,64,5,2.014427107,185630445988,4100000
llama-3b,input_sweep,1536,64,5,3.021323274,185658311395,4100000
llama-3b,input_sweep,1536,64,5,4.028829602,185686548078,2846361
llama-3b,input_sweep,1536,64,5,5.035886732,185714997041,4700000
llama-3b,input_sweep,1536,64,5,6.042549494,185742670188,4105335
llama-3b,input_sweep,1536,64,5,7.049264166,185771332712,400000
llama-3b,input_sweep,1536,64,5,8.056815584,185799127014,3527912
llama-3b,input_sweep,1536,64,5,9.066049800,185813943138,400000
llama-3b,input_sweep,1536,64,5,10.076854768,185828404282,3104312
llama-3b,input_sweep,1536,64,5,11.087388906,185842943369,3300033
llama-3b,input_sweep,1536,64,5,12.097376519,185857666109,3300000
llama-3b,input_sweep,1536,64,5,13.107586194,185872168392,3399965
llama-3b,input_sweep,1536,64,5,14.117546681,185887187823,3200000
llama-3b,input_sweep,1536,64,5,15.127972404,185902001506,3199967
llama-3b,input_sweep,1536,64,5,16.138443012,185916741947,3200000
llama-3b,input_sweep,1536,64,5,17.148503263,185931633388,3300000
llama-3b,input_sweep,1536,64,5,18.158491056,185946386402,3300000
llama-3b,input_sweep,1536,64,5,19.168237037,185961326305,3300000
llama-3b,input_sweep,1536,64,5,20.178231872,185976844881,3000000
llama-3b,input_sweep,1536,64,5,21.190023743,185992286431,2800000
llama-3b,input_sweep,1536,64,5,22.206826863,186006887224,2999969
llama-3b,input_sweep,1536,64,5,23.218153620,186021621805,3200000
llama-3b,input_sweep,1536,64,5,24.228626211,186036511660,3299966
llama-3b,input_sweep,1536,64,5,25.238545590,186051635950,3200000
llama-3b,input_sweep,1536,64,5,26.248469175,186066613817,3400000
llama-3b,input_sweep,1536,64,5,27.258457895,186081586251,3400000
llama-3b,input_sweep,1536,64,5,28.268025486,186096890961,3299966
llama-3b,input_sweep,1536,64,5,29.278433161,186111941948,400000
llama-3b,input_sweep,1536,64,5,30.288359304,186127151137,400000
llama-3b,input_sweep,1536,64,5,31.299023453,186142170508,400000
llama-3b,input_sweep,1536,64,5,32.309433260,186157161559,400000
llama-3b,input_sweep,1536,64,5,33.318423393,186172371603,400000
llama-3b,input_sweep,1536,64,5,34.327967060,186187335431,400000
llama-3b,input_sweep,1536,64,5,35.337630855,186202428227,400000
llama-3b,input_sweep,1536,64,5,36.346877959,186217607693,400000
llama-3b,input_sweep,1536,64,5,37.356483474,186232901172,400000
llama-3b,input_sweep,1536,64,5,38.366524329,186248016123,400000
llama-3b,input_sweep,1536,64,5,39.376366139,186263149629,400000
llama-3b,input_sweep,1536,64,5,40.386468584,186278264886,3299966
llama-3b,input_sweep,1536,64,5,41.396388083,186293227677,3399965
llama-3b,input_sweep,1536,64,5,42.406185318,186308508156,3300033
llama-3b,input_sweep,1536,64,5,43.415966212,186323658142,3300000
llama-3b,input_sweep,1536,64,5,44.425877168,186338703696,3304716
llama-3b,input_sweep,1536,64,5,45.436013897,186353472946,3402406
llama-3b,input_sweep,1536,64,5,46.445297422,186368551764,400000
llama-3b,input_sweep,1536,64,5,47.454848015,186383790922,3601610
llama-3b,input_sweep,1536,64,5,48.464258653,186398970998,3602116
llama-3b,input_sweep,1536,64,5,49.473855322,186414123547,2495280
llama-3b,input_sweep,1536,64,5,50.483277835,186429290073,400000
llama-3b,input_sweep,1536,64,5,51.492896978,186444446223,3599963
llama-3b,input_sweep,1536,64,5,52.502643788,186459664019,3600000
llama-3b,input_sweep,1536,64,5,53.511611791,186474686136,3600000
llama-3b,input_sweep,2048,64,1,.000886520,186517191521,400000
llama-3b,input_sweep,2048,64,1,1.006868570,186537401491,4700000
llama-3b,input_sweep,2048,64,1,2.013869319,186561673584,4100000
llama-3b,input_sweep,2048,64,1,3.021072956,186590259510,4099958
llama-3b,input_sweep,2048,64,1,4.028225448,186617915506,4100041
llama-3b,input_sweep,2048,64,1,5.035086815,186645941984,4099958
llama-3b,input_sweep,2048,64,1,6.041888419,186674489641,4100000
llama-3b,input_sweep,2048,64,1,7.049214440,186703373173,4100000
llama-3b,input_sweep,2048,64,1,8.056704423,186723048904,3199967
llama-3b,input_sweep,2048,64,1,9.067412814,186737490395,3199967
llama-3b,input_sweep,2048,64,1,10.078255739,186752072206,3199967
llama-3b,input_sweep,2048,64,1,11.088662082,186766414393,3400000
llama-3b,input_sweep,2048,64,1,12.098437688,186781343737,3200000
llama-3b,input_sweep,2048,64,1,13.109411453,186796030162,3200000
llama-3b,input_sweep,2048,64,1,14.119437162,186810755039,3300000
llama-3b,input_sweep,2048,64,1,15.129355962,186825501644,400000
llama-3b,input_sweep,2048,64,1,16.139518684,186840471333,400000
llama-3b,input_sweep,2048,64,1,17.149831119,186855391766,400000
llama-3b,input_sweep,2048,64,1,18.160100899,186870139653,400000
llama-3b,input_sweep,2048,64,1,19.169704663,186885038052,400000
llama-3b,input_sweep,2048,64,1,20.179667123,186900358447,400000
llama-3b,input_sweep,2048,64,1,21.189947506,186915286449,3300000
llama-3b,input_sweep,2048,64,1,22.199921425,186930217075,400000
llama-3b,input_sweep,2048,64,1,23.209722240,186945309687,3197400
llama-3b,input_sweep,2048,64,1,24.219368190,186960258257,400000
llama-3b,input_sweep,2048,64,1,25.229156600,186975330423,400000
llama-3b,input_sweep,2048,64,1,26.238938446,186990423647,400000
llama-3b,input_sweep,2048,64,1,27.248558366,187005462426,3400000
llama-3b,input_sweep,2048,64,1,28.258548481,187020530808,3300033
llama-3b,input_sweep,2048,64,1,29.268337254,187035724678,3300033
llama-3b,input_sweep,2048,64,1,30.278517565,187050580780,3400000
llama-3b,input_sweep,2048,64,1,31.287894365,187066010306,3300000
llama-3b,input_sweep,2048,64,1,32.298221381,187081019850,400000
llama-3b,input_sweep,2048,64,1,33.308386586,187096222997,400000
llama-3b,input_sweep,2048,64,1,34.318717953,187111283872,400000
llama-3b,input_sweep,2048,64,1,35.328995389,187126384724,400000
llama-3b,input_sweep,2048,64,1,36.338919264,187141496441,400000
llama-3b,input_sweep,2048,64,1,37.348783959,187156497562,400000
llama-3b,input_sweep,2048,64,1,38.358117127,187171563320,3400000
llama-3b,input_sweep,2048,64,1,39.367543865,187186895373,3300000
llama-3b,input_sweep,2048,64,1,40.377413997,187202015573,400000
llama-3b,input_sweep,2048,64,1,41.387063413,187217030427,400000
llama-3b,input_sweep,2048,64,1,42.396483388,187232236748,400000
llama-3b,input_sweep,2048,64,1,43.406398457,187247307327,3296312
llama-3b,input_sweep,2048,64,1,44.416367170,187262650061,3300000
llama-3b,input_sweep,2048,64,1,45.426387262,187277687743,3300000
llama-3b,input_sweep,2048,64,1,46.436406649,187292935079,3300033
llama-3b,input_sweep,2048,64,1,47.446565617,187307752119,3500035
llama-3b,input_sweep,2048,64,1,48.456125282,187322985173,3399965
llama-3b,input_sweep,2048,64,1,49.466065823,187338318447,3300000
llama-3b,input_sweep,2048,64,1,50.476603260,187353542102,3200000
llama-3b,input_sweep,2048,64,1,51.486264980,187368401927,400000
llama-3b,input_sweep,2048,64,1,52.496002567,187383582186,400000
llama-3b,input_sweep,2048,64,1,53.506095638,187398887994,3300000
llama-3b,input_sweep,2048,64,1,54.515661463,187413878861,2999451
llama-3b,input_sweep,2048,64,1,55.524439212,187428947487,3400000
llama-3b,input_sweep,2048,64,1,56.533722822,187444220153,3399965
llama-3b,input_sweep,2048,64,1,57.543345470,187459387412,3102531
llama-3b,input_sweep,2048,64,1,58.553088866,187474343916,3400038
llama-3b,input_sweep,2048,64,1,59.563060112,187489191230,400000
llama-3b,input_sweep,2048,64,1,60.572475128,187504395903,3600000
llama-3b,input_sweep,2048,64,1,61.581763958,187519519582,3599344
llama-3b,input_sweep,2048,64,1,62.591134253,187534721631,400000
llama-3b,input_sweep,2048,64,1,63.600940145,187549837925,3700000
llama-3b,input_sweep,2048,64,1,64.609818637,187565191706,3413188
llama-3b,input_sweep,2048,64,1,65.619164401,187580281389,400186
llama-3b,input_sweep,2048,64,1,66.628059241,187595336527,3600000
llama-3b,input_sweep,2048,64,1,67.637304970,187610604066,3600192
llama-3b,input_sweep,2048,64,1,68.646840698,187625757469,400000
llama-3b,input_sweep,2048,64,2,.000897612,187658157716,400000
llama-3b,input_sweep,2048,64,2,1.006985690,187678129406,783777
llama-3b,input_sweep,2048,64,2,2.013866740,187697937460,4100000
llama-3b,input_sweep,2048,64,2,3.020837557,187726393808,4100000
llama-3b,input_sweep,2048,64,2,4.028197661,187754618590,4099958
llama-3b,input_sweep,2048,64,2,5.035120483,187783061876,4039010
llama-3b,input_sweep,2048,64,2,6.042464003,187811182104,4100000
llama-3b,input_sweep,2048,64,2,7.049382158,187839180019,4100000
llama-3b,input_sweep,2048,64,2,8.056785802,187866539995,3500035
llama-3b,input_sweep,2048,64,2,9.066423488,187881470499,400000
llama-3b,input_sweep,2048,64,2,10.077077206,187896010562,3200000
llama-3b,input_sweep,2048,64,2,11.087277390,187910540737,400000
llama-3b,input_sweep,2048,64,2,12.097892632,187925309864,400000
llama-3b,input_sweep,2048,64,2,13.108484620,187939816541,400000
llama-3b,input_sweep,2048,64,2,14.119317683,187954690648,400000
llama-3b,input_sweep,2048,64,2,15.130089150,187969490354,2943837
llama-3b,input_sweep,2048,64,2,16.140407601,187984315145,3155461
llama-3b,input_sweep,2048,64,2,17.150626224,187999060652,400000
llama-3b,input_sweep,2048,64,2,18.160922109,188013943548,400000
llama-3b,input_sweep,2048,64,2,19.170465366,188028888395,400000
llama-3b,input_sweep,2048,64,2,20.180517421,188043965078,400000
llama-3b,input_sweep,2048,64,2,21.190796873,188059012220,3300000
llama-3b,input_sweep,2048,64,2,22.200817246,188073683935,3400034
llama-3b,input_sweep,2048,64,2,23.210676241,188089078488,3200000
llama-3b,input_sweep,2048,64,2,24.221183167,188103825215,3400000
llama-3b,input_sweep,2048,64,2,25.230615606,188119006023,3300000
llama-3b,input_sweep,2048,64,2,26.241242670,188134112308,3300033
llama-3b,input_sweep,2048,64,2,27.251041997,188149179225,3300000
llama-3b,input_sweep,2048,64,2,28.261131685,188163985645,400000
llama-3b,input_sweep,2048,64,2,29.269905399,188179439218,3299966
llama-3b,input_sweep,2048,64,2,30.280567453,188194410005,3299966
llama-3b,input_sweep,2048,64,2,31.290834174,188209706658,3199967
llama-3b,input_sweep,2048,64,2,32.301096970,188224813370,3200032
llama-3b,input_sweep,2048,64,2,33.311511584,188239891761,3300000
llama-3b,input_sweep,2048,64,2,34.321965310,188254883361,3300033
llama-3b,input_sweep,2048,64,2,35.331502968,188269952048,3299867
llama-3b,input_sweep,2048,64,2,36.341547551,188284974898,3400000
llama-3b,input_sweep,2048,64,2,37.351212634,188300346074,3300033
llama-3b,input_sweep,2048,64,2,38.361297733,188315385892,3300000
llama-3b,input_sweep,2048,64,2,39.370878602,188330562367,3241551
llama-3b,input_sweep,2048,64,2,40.383028725,188345832225,3200000
llama-3b,input_sweep,2048,64,2,41.393098578,188360683750,3400000
llama-3b,input_sweep,2048,64,2,42.403622317,188376133051,3200000
llama-3b,input_sweep,2048,64,2,43.413988317,188390966692,3399965
llama-3b,input_sweep,2048,64,2,44.423560237,188406291970,3299966
llama-3b,input_sweep,2048,64,2,45.433703798,188421466675,3300000
llama-3b,input_sweep,2048,64,2,46.444041216,188436505882,400000
llama-3b,input_sweep,2048,64,2,47.454205683,188451589034,400000
llama-3b,input_sweep,2048,64,2,48.463972981,188466736579,3272682
llama-3b,input_sweep,2048,64,2,49.473484775,188481995695,400000
llama-3b,input_sweep,2048,64,2,50.483845089,188497064382,400000
llama-3b,input_sweep,2048,64,2,51.493605688,188512159497,400000
llama-3b,input_sweep,2048,64,2,52.503592105,188527244602,509553
llama-3b,input_sweep,2048,64,2,53.512350157,188542502315,400000
llama-3b,input_sweep,2048,64,2,54.522160454,188557572039,3400000
llama-3b,input_sweep,2048,64,2,55.531533030,188572701578,3400034
llama-3b,input_sweep,2048,64,2,56.541316729,188587937257,3300000
llama-3b,input_sweep,2048,64,2,57.551022049,188603034631,3400000
llama-3b,input_sweep,2048,64,2,58.560500552,188618012620,3397140
llama-3b,input_sweep,2048,64,2,59.570225009,188633077156,3500000
llama-3b,input_sweep,2048,64,2,60.579746144,188648237091,3498542
llama-3b,input_sweep,2048,64,2,61.589525446,188663415641,3600978
llama-3b,input_sweep,2048,64,2,62.599283166,188678540114,3500000
llama-3b,input_sweep,2048,64,2,63.609205231,188693755407,3500000
llama-3b,input_sweep,2048,64,2,64.619125293,188708885373,3600000
llama-3b,input_sweep,2048,64,2,65.628923497,188724037312,3600000
llama-3b,input_sweep,2048,64,2,66.638761635,188739178935,3500000
llama-3b,input_sweep,2048,64,2,67.648521646,188754374026,3600000
llama-3b,input_sweep,2048,64,2,68.658588227,188769463038,3499964
llama-3b,input_sweep,2048,64,3,.000897267,188798940745,856044
llama-3b,input_sweep,2048,64,3,1.007080160,188819081563,4592630
llama-3b,input_sweep,2048,64,3,2.013817751,188838286348,4100000
llama-3b,input_sweep,2048,64,3,3.021078298,188866709737,4100000
llama-3b,input_sweep,2048,64,3,4.028363501,188894453806,4100041
llama-3b,input_sweep,2048,64,3,5.035058789,188923231199,4112538
llama-3b,input_sweep,2048,64,3,6.041908635,188951760544,4100000
llama-3b,input_sweep,2048,64,3,7.049011535,188980328159,3718777
llama-3b,input_sweep,2048,64,3,8.056324091,189008665367,3699962
llama-3b,input_sweep,2048,64,3,9.064981219,189024031111,400000
llama-3b,input_sweep,2048,64,3,10.075967965,189038453255,400000
llama-3b,input_sweep,2048,64,3,11.086345506,189052793733,400000
llama-3b,input_sweep,2048,64,3,12.096395632,189067626703,400000
llama-3b,input_sweep,2048,64,3,13.106593539,189082397051,3200000
llama-3b,input_sweep,2048,64,3,14.117321907,189096984294,400000
llama-3b,input_sweep,2048,64,3,15.127506660,189111898013,400000
llama-3b,input_sweep,2048,64,3,16.137602557,189126613673,400000
llama-3b,input_sweep,2048,64,3,17.147907742,189141480396,400000
llama-3b,input_sweep,2048,64,3,18.157931115,189156497325,3123103
llama-3b,input_sweep,2048,64,3,19.167992994,189171367404,400000
llama-3b,input_sweep,2048,64,3,20.178352637,189186273250,400000
llama-3b,input_sweep,2048,64,3,21.188495583,189201437334,400000
llama-3b,input_sweep,2048,64,3,22.198679579,189216393900,3296198
llama-3b,input_sweep,2048,64,3,23.208949603,189231366579,400000
llama-3b,input_sweep,2048,64,3,24.219405329,189246544580,3200000
llama-3b,input_sweep,2048,64,3,25.229446828,189261480088,3300033
llama-3b,input_sweep,2048,64,3,26.239688140,189276335275,3400000
llama-3b,input_sweep,2048,64,3,27.249540628,189291531464,3300033
llama-3b,input_sweep,2048,64,3,28.259836570,189306780998,3200000
llama-3b,input_sweep,2048,64,3,29.270451700,189321731948,3242298
llama-3b,input_sweep,2048,64,3,30.281465661,189336890296,3299966
llama-3b,input_sweep,2048,64,3,31.291394338,189351786803,3400000
llama-3b,input_sweep,2048,64,3,32.300882793,189367158407,400000
llama-3b,input_sweep,2048,64,3,33.311348398,189382002424,400000
llama-3b,input_sweep,2048,64,3,34.321322200,189397167058,3400000
llama-3b,input_sweep,2048,64,3,35.330445001,189412297940,400000
llama-3b,input_sweep,2048,64,3,36.339677665,189427556629,400000
llama-3b,input_sweep,2048,64,3,37.349778785,189442537730,400000
llama-3b,input_sweep,2048,64,3,38.359715244,189457846712,400000
llama-3b,input_sweep,2048,64,3,39.369610293,189472782648,400000
llama-3b,input_sweep,2048,64,3,40.379040315,189488235978,400000
llama-3b,input_sweep,2048,64,3,41.389418502,189503230568,400000
llama-3b,input_sweep,2048,64,3,42.399380228,189518291321,400000
llama-3b,input_sweep,2048,64,3,43.408712756,189533377159,400000
llama-3b,input_sweep,2048,64,3,44.418531786,189548484359,400000
llama-3b,input_sweep,2048,64,3,45.428448416,189563854253,3305164
llama-3b,input_sweep,2048,64,3,46.438820190,189578965787,400000
llama-3b,input_sweep,2048,64,3,47.448969263,189593956044,400000
llama-3b,input_sweep,2048,64,3,48.459060911,189609262401,400000
llama-3b,input_sweep,2048,64,3,49.469132138,189624301669,400000
llama-3b,input_sweep,2048,64,3,50.479567244,189639545649,3300000
llama-3b,input_sweep,2048,64,3,51.489637778,189654642961,3300000
llama-3b,input_sweep,2048,64,3,52.499679035,189669819070,3299966
llama-3b,input_sweep,2048,64,3,53.509762442,189684886719,3400000
llama-3b,input_sweep,2048,64,3,54.519585584,189700088097,3300033
llama-3b,input_sweep,2048,64,3,55.529418571,189715211105,3299966
llama-3b,input_sweep,2048,64,3,56.539257557,189730301032,3300033
llama-3b,input_sweep,2048,64,3,57.549694065,189745420561,3300000
llama-3b,input_sweep,2048,64,3,58.559653701,189760267569,400000
llama-3b,input_sweep,2048,64,3,59.568844469,189775425611,3496728
llama-3b,input_sweep,2048,64,3,60.578548673,189790447362,3599959
llama-3b,input_sweep,2048,64,3,61.588223079,189805768612,3010603
llama-3b,input_sweep,2048,64,3,62.597692891,189820836628,3600000
llama-3b,input_sweep,2048,64,3,63.607222200,189836010661,3600036
llama-3b,input_sweep,2048,64,3,64.617108084,189851191469,3600000
llama-3b,input_sweep,2048,64,3,65.626698557,189866403345,3472992
llama-3b,input_sweep,2048,64,3,66.636099895,189881566819,3600036
llama-3b,input_sweep,2048,64,3,67.645704857,189896767464,3499964
llama-3b,input_sweep,2048,64,4,.000882117,189934112156,400000
llama-3b,input_sweep,2048,64,4,1.006910762,189953229111,453653
llama-3b,input_sweep,2048,64,4,2.014253749,189973537165,4100041
llama-3b,input_sweep,2048,64,4,3.021679070,190001404769,4100000
llama-3b,input_sweep,2048,64,4,4.029041088,190029625644,4100000
llama-3b,input_sweep,2048,64,4,5.036901938,190058208579,4100041
llama-3b,input_sweep,2048,64,4,6.043664925,190086608836,4100000
llama-3b,input_sweep,2048,64,4,7.050904637,190114864928,4007889
llama-3b,input_sweep,2048,64,4,8.058408914,190139891109,3300033
llama-3b,input_sweep,2048,64,4,9.068387477,190154294514,3300033
llama-3b,input_sweep,2048,64,4,10.078489928,190168965558,3199967
llama-3b,input_sweep,2048,64,4,11.088963060,190183572516,3199967
llama-3b,input_sweep,2048,64,4,12.099490104,190198167449,2897061
llama-3b,input_sweep,2048,64,4,13.109608791,190212850517,3200000
llama-3b,input_sweep,2048,64,4,14.119819452,190227661819,400000
llama-3b,input_sweep,2048,64,4,15.130537140,190242441811,3200032
llama-3b,input_sweep,2048,64,4,16.140936751,190257341858,3300033
llama-3b,input_sweep,2048,64,4,17.151457036,190272213585,3300165
llama-3b,input_sweep,2048,64,4,18.161213142,190286920151,3400034
llama-3b,input_sweep,2048,64,4,19.170575517,190301859627,3400034
llama-3b,input_sweep,2048,64,4,20.180393027,190316915985,3299966
llama-3b,input_sweep,2048,64,4,21.190256610,190332035148,3300033
llama-3b,input_sweep,2048,64,4,22.200615905,190346786453,3400000
llama-3b,input_sweep,2048,64,4,23.210026941,190361757301,3500035
llama-3b,input_sweep,2048,64,4,24.219901850,190376974852,3300000
llama-3b,input_sweep,2048,64,4,25.230274859,190392107016,3299966
llama-3b,input_sweep,2048,64,4,26.240495425,190407100752,3400034
llama-3b,input_sweep,2048,64,4,27.250115538,190422531376,3100000
llama-3b,input_sweep,2048,64,4,28.261533178,190437650356,3100031
llama-3b,input_sweep,2048,64,4,29.273265889,190452772449,3000030
llama-3b,input_sweep,2048,64,4,30.283939017,190467930552,3000030
llama-3b,input_sweep,2048,64,4,31.294787156,190482875277,2737726
llama-3b,input_sweep,2048,64,4,32.304406925,190497921076,3100000
llama-3b,input_sweep,2048,64,4,33.314327550,190513191301,3000000
llama-3b,input_sweep,2048,64,4,34.324626790,190528254800,3100000
llama-3b,input_sweep,2048,64,4,35.334295445,190543284058,3176276
llama-3b,input_sweep,2048,64,4,36.344025923,190558242943,3199967
llama-3b,input_sweep,2048,64,4,37.354185536,190573295212,3300000
llama-3b,input_sweep,2048,64,4,38.364469751,190588356269,3300000
llama-3b,input_sweep,2048,64,4,39.374583861,190603714873,3200000
llama-3b,input_sweep,2048,64,4,40.385363427,190618607901,3400000
llama-3b,input_sweep,2048,64,4,41.394768000,190633679212,3399965
llama-3b,input_sweep,2048,64,4,42.404564623,190648953526,3400000
llama-3b,input_sweep,2048,64,4,43.414425483,190664060177,3300000
llama-3b,input_sweep,2048,64,4,44.424432121,190679244342,3400000
llama-3b,input_sweep,2048,64,4,45.434161918,190694319926,400000
llama-3b,input_sweep,2048,64,4,46.443831997,190709711305,400000
llama-3b,input_sweep,2048,64,4,47.454223658,190724729272,3299966
llama-3b,input_sweep,2048,64,4,48.464440989,190740037522,3200000
llama-3b,input_sweep,2048,64,4,49.474478401,190754799264,400000
llama-3b,input_sweep,2048,64,4,50.483515533,190770089508,400000
llama-3b,input_sweep,2048,64,4,51.493496674,190785188834,3330723
llama-3b,input_sweep,2048,64,4,52.502740476,190800557508,400000
llama-3b,input_sweep,2048,64,4,53.513398438,190815581029,400000
llama-3b,input_sweep,2048,64,4,54.523393875,190830633664,400000
llama-3b,input_sweep,2048,64,4,55.533059113,190845752583,400000
llama-3b,input_sweep,2048,64,4,56.542573585,190861025493,400000
llama-3b,input_sweep,2048,64,4,57.552187867,190876019290,400000
llama-3b,input_sweep,2048,64,4,58.561547900,190891280848,400000
llama-3b,input_sweep,2048,64,4,59.570823338,190906288622,400000
llama-3b,input_sweep,2048,64,4,60.580567123,190921212107,581479
llama-3b,input_sweep,2048,64,4,61.590011015,190936275911,3698521
llama-3b,input_sweep,2048,64,4,62.599436577,190951489739,400000
llama-3b,input_sweep,2048,64,4,63.609406902,190966680862,3600000
llama-3b,input_sweep,2048,64,4,64.618854278,190981747169,3600000
llama-3b,input_sweep,2048,64,4,65.628361555,190996995726,3600000
llama-3b,input_sweep,2048,64,4,66.638103426,191012208456,3600036
llama-3b,input_sweep,2048,64,4,67.647763683,191027381024,3600000
llama-3b,input_sweep,2048,64,4,68.658352919,191042418645,400000
llama-3b,input_sweep,2048,64,4,69.667472891,191057682827,3600000
llama-3b,input_sweep,2048,64,5,.000859835,191094233026,843279
llama-3b,input_sweep,2048,64,5,1.007277364,191114317447,400000
llama-3b,input_sweep,2048,64,5,2.014374513,191133327225,400000
llama-3b,input_sweep,2048,64,5,3.021494002,191161543340,400000
llama-3b,input_sweep,2048,64,5,4.028802102,191189823296,400000
llama-3b,input_sweep,2048,64,5,5.035267557,191217869489,3646433
llama-3b,input_sweep,2048,64,5,6.041837977,191245751071,400000
llama-3b,input_sweep,2048,64,5,7.049050978,191274323874,400000
llama-3b,input_sweep,2048,64,5,8.056578550,191300607437,400000
llama-3b,input_sweep,2048,64,5,9.066437348,191315243508,3199967
llama-3b,input_sweep,2048,64,5,10.077158163,191329791871,3200000
llama-3b,input_sweep,2048,64,5,11.088103517,191344324061,3300000
llama-3b,input_sweep,2048,64,5,12.098832277,191359043444,400000
llama-3b,input_sweep,2048,64,5,13.109692766,191373476452,3404265
llama-3b,input_sweep,2048,64,5,14.119535863,191388507785,3200000
llama-3b,input_sweep,2048,64,5,15.129869751,191403334285,3199967
llama-3b,input_sweep,2048,64,5,16.140515632,191418102985,3199967
llama-3b,input_sweep,2048,64,5,17.150629418,191432968426,3200032
llama-3b,input_sweep,2048,64,5,18.161279466,191447979923,3200000
llama-3b,input_sweep,2048,64,5,19.171284849,191462844814,3299966
llama-3b,input_sweep,2048,64,5,20.181521827,191477726856,3300033
llama-3b,input_sweep,2048,64,5,21.191211598,191492583141,3400000
llama-3b,input_sweep,2048,64,5,22.200591886,191507672275,400000
llama-3b,input_sweep,2048,64,5,23.210447937,191522874324,400000
llama-3b,input_sweep,2048,64,5,24.220593204,191537963213,400000
llama-3b,input_sweep,2048,64,5,25.231167679,191552666301,400000
llama-3b,input_sweep,2048,64,5,26.240653456,191567763796,3399965
llama-3b,input_sweep,2048,64,5,27.250411313,191583072717,3300033
llama-3b,input_sweep,2048,64,5,28.260553099,191597964464,3399965
llama-3b,input_sweep,2048,64,5,29.269997744,191613335823,3300000
llama-3b,input_sweep,2048,64,5,30.280595115,191628376495,400000
llama-3b,input_sweep,2048,64,5,31.290810868,191643353019,400000
llama-3b,input_sweep,2048,64,5,32.300517623,191658449599,400000
llama-3b,input_sweep,2048,64,5,33.310136177,191673667395,400000
llama-3b,input_sweep,2048,64,5,34.320449787,191688632444,3400000
llama-3b,input_sweep,2048,64,5,35.329840572,191703886739,400000
llama-3b,input_sweep,2048,64,5,36.340280692,191719029034,3300000
llama-3b,input_sweep,2048,64,5,37.350256313,191734138370,3300000
llama-3b,input_sweep,2048,64,5,38.361005324,191749258754,400000
llama-3b,input_sweep,2048,64,5,39.371487966,191764252307,3207774
llama-3b,input_sweep,2048,64,5,40.381339863,191779660837,400000
llama-3b,input_sweep,2048,64,5,41.391286975,191794571748,400000
llama-3b,input_sweep,2048,64,5,42.401837015,191809840874,400000
llama-3b,input_sweep,2048,64,5,43.412252854,191824929764,400000
llama-3b,input_sweep,2048,64,5,44.421994913,191840010963,400000
llama-3b,input_sweep,2048,64,5,45.432089716,191855276549,400000
llama-3b,input_sweep,2048,64,5,46.442559215,191870169577,400000
llama-3b,input_sweep,2048,64,5,47.452225090,191885550580,400000
llama-3b,input_sweep,2048,64,5,48.462387886,191900706547,400000
llama-3b,input_sweep,2048,64,5,49.472505088,191915796536,400000
llama-3b,input_sweep,2048,64,5,50.482585381,191930910450,400000
llama-3b,input_sweep,2048,64,5,51.492207786,191946047435,3301430
llama-3b,input_sweep,2048,64,5,52.502057470,191961069552,400000
llama-3b,input_sweep,2048,64,5,53.511597279,191976330743,3300033
llama-3b,input_sweep,2048,64,5,54.521552487,191991511247,3300000
llama-3b,input_sweep,2048,64,5,55.531451175,192006631996,3299966
llama-3b,input_sweep,2048,64,5,56.541292335,192021783630,3300000
llama-3b,input_sweep,2048,64,5,57.551084852,192036796104,400000
llama-3b,input_sweep,2048,64,5,58.560498680,192051682845,3600000
llama-3b,input_sweep,2048,64,5,59.570500212,192066862982,3500000
llama-3b,input_sweep,2048,64,5,60.580242929,192081990568,3600036
llama-3b,input_sweep,2048,64,5,61.589769602,192097104543,3599956
llama-3b,input_sweep,2048,64,5,62.599327729,192112292615,3600000
llama-3b,input_sweep,2048,64,5,63.608820162,192127538425,3500000
llama-3b,input_sweep,2048,64,5,64.618752339,192142678279,3599957
llama-3b,input_sweep,2048,64,5,65.628511275,192157895891,3600039
llama-3b,input_sweep,2048,64,5,66.638130261,192173101114,3500000
llama-3b,input_sweep,2048,64,5,67.648253249,192188180238,3500000
llama-3b,output_sweep,512,8,1,.000917806,192228546650,400000
llama-3b,output_sweep,512,8,1,1.006848693,192248309539,1120972
llama-3b,output_sweep,512,8,1,2.013663001,192268052836,4100000
llama-3b,output_sweep,512,8,1,3.020697289,192295782806,4100041
llama-3b,output_sweep,512,8,1,4.027764732,192324058735,4100041
llama-3b,output_sweep,512,8,1,5.035033450,192351639414,4700000
llama-3b,output_sweep,512,8,1,6.041732309,192379853758,4100000
llama-3b,output_sweep,512,8,1,7.048754290,192408700181,4100000
llama-3b,output_sweep,512,8,1,8.056142212,192434522258,3600036
llama-3b,output_sweep,512,8,1,9.064951521,192449645694,3200000
llama-3b,output_sweep,512,8,1,10.075313860,192463988064,3299966
llama-3b,output_sweep,512,8,1,11.085258226,192478529775,3300000
llama-3b,output_sweep,512,8,1,12.095332524,192493141554,400000
llama-3b,output_sweep,512,8,1,13.105242565,192507962012,400000
llama-3b,output_sweep,512,8,1,14.115663504,192522848815,3200000
llama-3b,output_sweep,512,8,1,15.125571868,192537365806,3400000
llama-3b,output_sweep,512,8,2,.000881710,192572035212,400000
llama-3b,output_sweep,512,8,2,1.007141551,192591862859,400000
llama-3b,output_sweep,512,8,2,2.014171612,192611634903,4100123
llama-3b,output_sweep,512,8,2,3.021299248,192639973332,4100000
llama-3b,output_sweep,512,8,2,4.027867091,192668363152,1866677
llama-3b,output_sweep,512,8,2,5.035120556,192696687115,4100000
llama-3b,output_sweep,512,8,2,6.042333646,192724852692,400000
llama-3b,output_sweep,512,8,2,7.049647796,192753209004,400000
llama-3b,output_sweep,512,8,2,8.057142975,192777452838,400000
llama-3b,output_sweep,512,8,2,9.067221459,192792057049,400000
llama-3b,output_sweep,512,8,2,10.077353041,192806418401,400000
llama-3b,output_sweep,512,8,2,11.087490834,192821225492,400000
llama-3b,output_sweep,512,8,2,12.098413186,192835840628,400000
llama-3b,output_sweep,512,8,2,13.108679587,192850318801,400000
llama-3b,output_sweep,512,8,2,14.118897985,192865288001,400000
llama-3b,output_sweep,512,8,2,15.129205802,192879742737,400000
llama-3b,output_sweep,512,8,3,.000891434,192912999793,400000
llama-3b,output_sweep,512,8,3,1.006933064,192933122422,400000
llama-3b,output_sweep,512,8,3,2.014040868,192952206114,400000
llama-3b,output_sweep,512,8,3,3.021262727,192980310107,400000
llama-3b,output_sweep,512,8,3,4.028398389,193008651953,4125323
llama-3b,output_sweep,512,8,3,5.035658384,193036503200,4100000
llama-3b,output_sweep,512,8,3,6.042550289,193064930252,4100041
llama-3b,output_sweep,512,8,3,7.049691103,193093573977,4100041
llama-3b,output_sweep,512,8,3,8.057131517,193119170713,400000
llama-3b,output_sweep,512,8,3,9.066270701,193134075277,400000
llama-3b,output_sweep,512,8,3,10.076792249,193148366622,400000
llama-3b,output_sweep,512,8,3,11.086909714,193163137764,400000
llama-3b,output_sweep,512,8,3,12.097238001,193177629975,400000
llama-3b,output_sweep,512,8,3,13.107249010,193192506219,3200032
llama-3b,output_sweep,512,8,3,14.118278310,193207155595,3299966
llama-3b,output_sweep,512,8,3,15.128765928,193221803324,3400000
llama-3b,output_sweep,512,8,4,.000863966,193253964680,400000
llama-3b,output_sweep,512,8,4,1.006954338,193273845732,400000
llama-3b,output_sweep,512,8,4,2.013771982,193293545572,400000
llama-3b,output_sweep,512,8,4,3.020963110,193322143582,3594113
llama-3b,output_sweep,512,8,4,4.028303740,193350206072,400000
llama-3b,output_sweep,512,8,4,5.035334347,193378601873,4100000
llama-3b,output_sweep,512,8,4,6.042312919,193407208794,4099958
llama-3b,output_sweep,512,8,4,7.049369130,193435846843,4100041
llama-3b,output_sweep,512,8,4,8.056594397,193460887795,3399965
llama-3b,output_sweep,512,8,4,9.066558519,193475634522,400000
llama-3b,output_sweep,512,8,4,10.076946068,193490157495,400000
llama-3b,output_sweep,512,8,4,11.087677173,193504830859,3200032
llama-3b,output_sweep,512,8,4,12.098329238,193519352672,400000
llama-3b,output_sweep,512,8,4,13.108987127,193533959141,400000
llama-3b,output_sweep,512,8,4,14.119158839,193548791379,400000
llama-3b,output_sweep,512,8,4,15.129371064,193563464009,400000
llama-3b,output_sweep,512,8,5,.000871020,193597444635,400000
llama-3b,output_sweep,512,8,5,1.006511031,193617073430,400000
llama-3b,output_sweep,512,8,5,2.013471822,193636730484,4100000
llama-3b,output_sweep,512,8,5,3.020729602,193665035527,4099958
llama-3b,output_sweep,512,8,5,4.027640369,193693454827,4100041
llama-3b,output_sweep,512,8,5,5.034558364,193721854290,4100041
llama-3b,output_sweep,512,8,5,6.041506582,193749779634,4100041
llama-3b,output_sweep,512,8,5,7.048360157,193778081746,4100000
llama-3b,output_sweep,512,8,5,8.055226806,193806590340,4100000
llama-3b,output_sweep,512,8,5,9.062418565,193835067928,1300119
llama-3b,output_sweep,512,8,5,10.070067093,193863870650,4100569
llama-3b,output_sweep,512,8,5,11.076857787,193892633943,4105570
llama-3b,output_sweep,512,8,5,12.083471859,193921203450,400000
llama-3b,output_sweep,512,8,5,13.090738469,193943459924,400000
llama-3b,output_sweep,512,16,1,.000862790,193988253571,759743
llama-3b,output_sweep,512,16,1,1.007149212,194008455302,4700000
llama-3b,output_sweep,512,16,1,2.013813842,194027577567,4100000
llama-3b,output_sweep,512,16,1,3.020708624,194055987224,4100000
llama-3b,output_sweep,512,16,1,4.027998729,194084203399,4099958
llama-3b,output_sweep,512,16,1,5.035144287,194112049580,4100041
llama-3b,output_sweep,512,16,1,6.042831404,194140575081,4100000
llama-3b,output_sweep,512,16,1,7.049867981,194169094478,4100000
llama-3b,output_sweep,512,16,1,8.057591501,194191796752,3200000
llama-3b,output_sweep,512,16,1,9.068261395,194206129356,3300000
llama-3b,output_sweep,512,16,1,10.078123215,194220840073,400000
llama-3b,output_sweep,512,16,1,11.088281611,194235072642,3400938
llama-3b,output_sweep,512,16,1,12.097872573,194249846102,400000
llama-3b,output_sweep,512,16,1,13.108094521,194264660029,400238
llama-3b,output_sweep,512,16,1,14.118063780,194279455157,3200000
llama-3b,output_sweep,512,16,1,15.128256251,194294101116,400000
llama-3b,output_sweep,512,16,1,16.138346350,194308850102,400000
llama-3b,output_sweep,512,16,2,.000891495,194342410135,400000
llama-3b,output_sweep,512,16,2,1.007133383,194362030202,647448
llama-3b,output_sweep,512,16,2,2.014482909,194381525575,4100000
llama-3b,output_sweep,512,16,2,3.021684455,194409669241,4100000
llama-3b,output_sweep,512,16,2,4.028693184,194438042886,4099958
llama-3b,output_sweep,512,16,2,5.035287906,194466219755,4100000
llama-3b,output_sweep,512,16,2,6.043747171,194493873798,400000
llama-3b,output_sweep,512,16,2,7.051150673,194522546088,400000
llama-3b,output_sweep,512,16,2,8.059282681,194548603333,3506980
llama-3b,output_sweep,512,16,2,9.069061794,194563460412,400000
llama-3b,output_sweep,512,16,2,10.079525492,194577968981,400000
llama-3b,output_sweep,512,16,2,11.090336519,194592352306,400000
llama-3b,output_sweep,512,16,2,12.100721722,194607010471,3080621
llama-3b,output_sweep,512,16,2,13.111325551,194621599301,400000
llama-3b,output_sweep,512,16,2,14.121596929,194636575520,3087184
llama-3b,output_sweep,512,16,2,15.132019947,194651123090,3400000
llama-3b,output_sweep,512,16,2,16.141261252,194665832586,400384
llama-3b,output_sweep,512,16,3,.000897043,194698704450,400000
llama-3b,output_sweep,512,16,3,1.007289697,194718658196,400000
llama-3b,output_sweep,512,16,3,2.014308422,194738131779,4100000
llama-3b,output_sweep,512,16,3,3.021260744,194766578178,4100000
llama-3b,output_sweep,512,16,3,4.028491542,194795432779,4100000
llama-3b,output_sweep,512,16,3,5.035710410,194823688261,4100041
llama-3b,output_sweep,512,16,3,6.042938022,194851564228,4100041
llama-3b,output_sweep,512,16,3,7.050014134,194880137213,4100000
llama-3b,output_sweep,512,16,3,8.057542436,194905546511,3300000
llama-3b,output_sweep,512,16,3,9.067138007,194920171169,3200032
llama-3b,output_sweep,512,16,3,10.076915802,194934584828,3299966
llama-3b,output_sweep,512,16,3,11.087351230,194949263257,3200000
llama-3b,output_sweep,512,16,3,12.097595579,194963911962,3200032
llama-3b,output_sweep,512,16,3,13.108212006,194978499755,400000
llama-3b,output_sweep,512,16,3,14.118482273,194993253501,3300000
llama-3b,output_sweep,512,16,3,15.127818950,195007760910,3499964
llama-3b,output_sweep,512,16,3,16.136349775,195022600472,400000
llama-3b,output_sweep,512,16,4,.000916677,195054438891,400172
llama-3b,output_sweep,512,16,4,1.006901188,195073768249,400000
llama-3b,output_sweep,512,16,4,2.014294643,195093784127,4100041
llama-3b,output_sweep,512,16,4,3.021400495,195121743956,3804205
llama-3b,output_sweep,512,16,4,4.028206299,195150475694,4099958
llama-3b,output_sweep,512,16,4,5.035021129,195179055271,400000
llama-3b,output_sweep,512,16,4,6.042117504,195206581324,400000
llama-3b,output_sweep,512,16,4,7.048902492,195234929579,400000
llama-3b,output_sweep,512,16,4,8.055680527,195263260866,400000
llama-3b,output_sweep,512,16,4,9.062619843,195291501090,4095652
llama-3b,output_sweep,512,16,4,10.069863106,195319117291,400000
llama-3b,output_sweep,512,16,4,11.076972967,195347585968,400000
llama-3b,output_sweep,512,16,4,12.084232549,195375709248,400000
llama-3b,output_sweep,512,16,4,13.091631729,195396822109,400000
llama-3b,output_sweep,512,16,4,14.100749978,195414896831,400000
llama-3b,output_sweep,512,16,4,15.109527598,195429282109,471416
llama-3b,output_sweep,512,16,5,.000869724,195455267638,400000
llama-3b,output_sweep,512,16,5,1.007305252,195474641124,4700000
llama-3b,output_sweep,512,16,5,2.014206058,195494027793,4100000
llama-3b,output_sweep,512,16,5,3.021659959,195522787546,4100000
llama-3b,output_sweep,512,16,5,4.028945028,195550837035,4100000
llama-3b,output_sweep,512,16,5,5.035720027,195579439195,4100000
llama-3b,output_sweep,512,16,5,6.043067834,195607427954,400000
llama-3b,output_sweep,512,16,5,7.050129150,195635802149,400000
llama-3b,output_sweep,512,16,5,8.057297130,195663938430,400000
llama-3b,output_sweep,512,16,5,9.066477531,195679068274,400000
llama-3b,output_sweep,512,16,5,10.077288517,195693563537,400000
llama-3b,output_sweep,512,16,5,11.087987003,195708266441,400000
llama-3b,output_sweep,512,16,5,12.098587517,195722799729,3300000
llama-3b,output_sweep,512,16,5,13.108683150,195737422678,3299966
llama-3b,output_sweep,512,16,5,14.119118216,195752218843,3299966
llama-3b,output_sweep,512,16,5,15.129142444,195766737361,3400000
llama-3b,output_sweep,512,16,5,16.139128706,195781630572,400000
llama-3b,output_sweep,512,32,1,.000885057,195817623766,400000
llama-3b,output_sweep,512,32,1,1.007111676,195837694699,4700000
llama-3b,output_sweep,512,32,1,2.013519506,195856569833,4099552
llama-3b,output_sweep,512,32,1,3.020306210,195884923582,400000
llama-3b,output_sweep,512,32,1,4.027720372,195913426377,4100000
llama-3b,output_sweep,512,32,1,5.034457831,195941707372,400000
llama-3b,output_sweep,512,32,1,6.041378705,195969844629,400000
llama-3b,output_sweep,512,32,1,7.048738822,195998291272,400000
llama-3b,output_sweep,512,32,1,8.056026025,196024706549,400000
llama-3b,output_sweep,512,32,1,9.065701973,196039438445,3199967
llama-3b,output_sweep,512,32,1,10.076312036,196053795647,3300000
llama-3b,output_sweep,512,32,1,11.086695019,196068514725,3200000
llama-3b,output_sweep,512,32,1,12.097354932,196083131387,3200000
llama-3b,output_sweep,512,32,1,13.107967846,196097847170,400000
llama-3b,output_sweep,512,32,1,14.117931011,196112508692,3235105
llama-3b,output_sweep,512,32,1,15.128095884,196126961048,3500043
llama-3b,output_sweep,512,32,1,16.137558091,196141989696,400000
llama-3b,output_sweep,512,32,1,17.147454396,196156811557,3400000
llama-3b,output_sweep,512,32,1,18.157279564,196171743587,3499767
llama-3b,output_sweep,512,32,2,.000911607,196199288622,400000
llama-3b,output_sweep,512,32,2,1.006957545,196219265255,400000
llama-3b,output_sweep,512,32,2,2.013941481,196238570992,4100000
llama-3b,output_sweep,512,32,2,3.020941243,196266958248,4099958
llama-3b,output_sweep,512,32,2,4.027835927,196295360763,4100041
llama-3b,output_sweep,512,32,2,5.035120859,196323848300,4100000
llama-3b,output_sweep,512,32,2,6.042565299,196352239341,4100000
llama-3b,output_sweep,512,32,2,7.049584079,196380248180,4100000
llama-3b,output_sweep,512,32,2,8.056565077,196408569519,4100041
llama-3b,output_sweep,512,32,2,9.063846931,196436748707,4100041
llama-3b,output_sweep,512,32,2,10.070897187,196464441873,4100041
llama-3b,output_sweep,512,32,2,11.078076835,196493236050,4100000
llama-3b,output_sweep,512,32,2,12.085729619,196521384049,400000
llama-3b,output_sweep,512,32,2,13.093716427,196539441498,3200000
llama-3b,output_sweep,512,32,2,14.104336543,196553528498,3400000
llama-3b,output_sweep,512,32,2,15.114339379,196568097370,400000
llama-3b,output_sweep,512,32,2,16.123920938,196582815899,3400000
llama-3b,output_sweep,512,32,3,.000872502,196618715709,400000
llama-3b,output_sweep,512,32,3,1.006965708,196638911459,400000
llama-3b,output_sweep,512,32,3,2.013970908,196662961019,4100041
llama-3b,output_sweep,512,32,3,3.020617545,196691338631,4100041
llama-3b,output_sweep,512,32,3,4.027671884,196719394529,4100000
llama-3b,output_sweep,512,32,3,5.034877324,196747907029,4100041
llama-3b,output_sweep,512,32,3,6.042027107,196775413612,400000
llama-3b,output_sweep,512,32,3,7.048993856,196803019315,400000
llama-3b,output_sweep,512,32,3,8.056678597,196823043250,400000
llama-3b,output_sweep,512,32,3,9.066713901,196837799560,400000
llama-3b,output_sweep,512,32,3,10.077229617,196852330651,400000
llama-3b,output_sweep,512,32,3,11.087721986,196866893053,400000
llama-3b,output_sweep,512,32,3,12.098027451,196881655710,400000
llama-3b,output_sweep,512,32,3,13.109013724,196896310824,3200000
llama-3b,output_sweep,512,32,3,14.119406477,196911134456,3200032
llama-3b,output_sweep,512,32,3,15.129238703,196925581257,3400043
llama-3b,output_sweep,512,32,3,16.139665340,196940479961,1255839
llama-3b,output_sweep,512,32,3,17.148827199,196955364872,3399961
llama-3b,output_sweep,512,32,3,18.158928175,196970333828,3400000
llama-3b,output_sweep,512,32,4,.000878966,197000546092,400000
llama-3b,output_sweep,512,32,4,1.007122879,197020657185,4700000
llama-3b,output_sweep,512,32,4,2.013860753,197039611299,4100000
llama-3b,output_sweep,512,32,4,3.020906235,197067992513,4100000
llama-3b,output_sweep,512,32,4,4.027893139,197096178660,4100041
llama-3b,output_sweep,512,32,4,5.034969810,197124601316,4099958
llama-3b,output_sweep,512,32,4,6.042218584,197153070482,400000
llama-3b,output_sweep,512,32,4,7.049434518,197181500279,400000
llama-3b,output_sweep,512,32,4,8.056719635,197209091029,3500000
llama-3b,output_sweep,512,32,4,9.066143317,197223924976,3200000
llama-3b,output_sweep,512,32,4,10.076576908,197238374279,400000
llama-3b,output_sweep,512,32,4,11.087137367,197253011205,3200000
llama-3b,output_sweep,512,32,4,12.096996397,197267566343,400000
llama-3b,output_sweep,512,32,4,13.107537153,197282278403,400000
llama-3b,output_sweep,512,32,4,14.118267877,197297061751,3300000
llama-3b,output_sweep,512,32,4,15.128458981,197311603889,400000
llama-3b,output_sweep,512,32,4,16.138401814,197326414887,3400000
llama-3b,output_sweep,512,32,4,17.148295572,197341289482,3500035
llama-3b,output_sweep,512,32,4,18.157978713,197356160355,3499961
llama-3b,output_sweep,512,32,5,.000874230,197383792120,400000
llama-3b,output_sweep,512,32,5,1.007326416,197403871170,400000
llama-3b,output_sweep,512,32,5,2.014004216,197422994473,4100000
llama-3b,output_sweep,512,32,5,3.020810097,197451220841,4100000
llama-3b,output_sweep,512,32,5,4.027879518,197479508794,4100000
llama-3b,output_sweep,512,32,5,5.034814310,197507928826,4100000
llama-3b,output_sweep,512,32,5,6.041820733,197536419781,4100000
llama-3b,output_sweep,512,32,5,7.048403775,197564879608,400000
llama-3b,output_sweep,512,32,5,8.055664634,197593139790,400000
llama-3b,output_sweep,512,32,5,9.062957259,197621432198,400000
llama-3b,output_sweep,512,32,5,10.069804301,197649881649,400000
llama-3b,output_sweep,512,32,5,11.076881716,197678460250,400000
llama-3b,output_sweep,512,32,5,12.083882513,197707060152,400000
llama-3b,output_sweep,512,32,5,13.091148509,197734480187,400000
llama-3b,output_sweep,512,32,5,14.099501263,197752852577,3845523
llama-3b,output_sweep,512,32,5,15.108314228,197769201839,3357660
llama-3b,output_sweep,512,32,5,16.118145214,197783744709,3400000
llama-3b,output_sweep,512,64,1,.000869065,197822826885,400000
llama-3b,output_sweep,512,64,1,1.006858445,197842475089,400000
llama-3b,output_sweep,512,64,1,2.013692524,197861865908,4100000
llama-3b,output_sweep,512,64,1,3.021083940,197890008537,4099958
llama-3b,output_sweep,512,64,1,4.028105430,197918209880,400000
llama-3b,output_sweep,512,64,1,5.035152739,197946534942,400000
llama-3b,output_sweep,512,64,1,6.042407140,197975142352,4100000
llama-3b,output_sweep,512,64,1,7.049253555,198003970464,4100000
llama-3b,output_sweep,512,64,1,8.057290350,198026418405,3199967
llama-3b,output_sweep,512,64,1,9.067657284,198041066927,3100000
llama-3b,output_sweep,512,64,1,10.078525387,198055467036,3200033
llama-3b,output_sweep,512,64,1,11.089305629,198070105488,3200032
llama-3b,output_sweep,512,64,1,12.099734375,198084603375,3300000
llama-3b,output_sweep,512,64,1,13.109430498,198099087164,400000
llama-3b,output_sweep,512,64,1,14.118944547,198114151334,400000
llama-3b,output_sweep,512,64,1,15.128704869,198128755911,3399965
llama-3b,output_sweep,512,64,1,16.138910450,198143538466,3400000
llama-3b,output_sweep,512,64,1,17.148704895,198158357276,3500000
llama-3b,output_sweep,512,64,1,18.158922129,198173437743,2913172
llama-3b,output_sweep,512,64,1,19.168637637,198188290976,400000
llama-3b,output_sweep,512,64,1,20.178682810,198203369429,3168595
llama-3b,output_sweep,512,64,1,21.188294691,198218206244,3500000
llama-3b,output_sweep,512,64,2,.000878101,198253607337,400000
llama-3b,output_sweep,512,64,2,1.006838439,198273565172,400138
llama-3b,output_sweep,512,64,2,2.014659593,198297801133,4100000
llama-3b,output_sweep,512,64,2,3.021880026,198326110631,4100000
llama-3b,output_sweep,512,64,2,4.029154969,198354094385,4100000
llama-3b,output_sweep,512,64,2,5.037080886,198381956191,4100000
llama-3b,output_sweep,512,64,2,6.044440673,198410176577,4100000
llama-3b,output_sweep,512,64,2,7.051637102,198438805288,4100000
llama-3b,output_sweep,512,64,2,8.059351959,198460559505,3200000
llama-3b,output_sweep,512,64,2,9.070175506,198474971333,3300033
llama-3b,output_sweep,512,64,2,10.080482816,198489552717,3200032
llama-3b,output_sweep,512,64,2,11.091275750,198504224493,400000
llama-3b,output_sweep,512,64,2,12.102561569,198518852203,3123688
llama-3b,output_sweep,512,64,2,13.113591669,198533595390,400000
llama-3b,output_sweep,512,64,2,14.124190047,198548289444,400000
llama-3b,output_sweep,512,64,2,15.134187766,198562929910,3400000
llama-3b,output_sweep,512,64,2,16.144163821,198577659181,3499232
llama-3b,output_sweep,512,64,2,17.154265464,198592517785,400000
llama-3b,output_sweep,512,64,2,18.163900493,198607478440,3500000
llama-3b,output_sweep,512,64,2,19.173245878,198622486459,3500039
llama-3b,output_sweep,512,64,2,20.182779558,198637438569,3500000
llama-3b,output_sweep,512,64,2,21.192514852,198652338189,3500000
llama-3b,output_sweep,512,64,3,.000930072,198688798789,400000
llama-3b,output_sweep,512,64,3,1.007264574,198708932099,400000
llama-3b,output_sweep,512,64,3,2.013914119,198733041779,4100041
llama-3b,output_sweep,512,64,3,3.020590461,198761200764,4100000
llama-3b,output_sweep,512,64,3,4.027330900,198790012519,4100000
llama-3b,output_sweep,512,64,3,5.034674399,198817768979,4100000
llama-3b,output_sweep,512,64,3,6.041985523,198846000718,4099958
llama-3b,output_sweep,512,64,3,7.048915631,198874317113,4100041
llama-3b,output_sweep,512,64,3,8.056654326,198895280926,400000
llama-3b,output_sweep,512,64,3,9.067288967,198909543219,400000
llama-3b,output_sweep,512,64,3,10.077541746,198924101287,3300000
llama-3b,output_sweep,512,64,3,11.088038900,198938891349,3200000
llama-3b,output_sweep,512,64,3,12.099306019,198953504593,2633613
llama-3b,output_sweep,512,64,3,13.109566888,198968200051,400000
llama-3b,output_sweep,512,64,3,14.120193153,198983104554,400000
llama-3b,output_sweep,512,64,3,15.130533646,198997497095,400000
llama-3b,output_sweep,512,64,3,16.140145117,199012328478,3500000
llama-3b,output_sweep,512,64,3,17.149677882,199027247019,400000
llama-3b,output_sweep,512,64,3,18.158826948,199042283419,400000
llama-3b,output_sweep,512,64,3,19.168904139,199057208185,400000
llama-3b,output_sweep,512,64,3,20.178606067,199072035296,400000
llama-3b,output_sweep,512,64,3,21.188157696,199087037882,3601107
llama-3b,output_sweep,512,64,4,.000887819,199123091745,400000
llama-3b,output_sweep,512,64,4,1.007250689,199143194476,400000
llama-3b,output_sweep,512,64,4,2.014174015,199162315521,4100000
llama-3b,output_sweep,512,64,4,3.021388282,199190530048,4100000
llama-3b,output_sweep,512,64,4,4.028077183,199218382089,4100041
llama-3b,output_sweep,512,64,4,5.035033259,199247156796,4100000
llama-3b,output_sweep,512,64,4,6.042046767,199276124861,4100000
llama-3b,output_sweep,512,64,4,7.049007263,199304315280,4100041
llama-3b,output_sweep,512,64,4,8.056755651,199329007233,3300000
llama-3b,output_sweep,512,64,4,9.067072472,199343585138,400000
llama-3b,output_sweep,512,64,4,10.077688994,199357825519,400000
llama-3b,output_sweep,512,64,4,11.088406014,199372714458,400000
llama-3b,output_sweep,512,64,4,12.099530034,199387223148,400000
llama-3b,output_sweep,512,64,4,13.109824705,199401916897,400000
llama-3b,output_sweep,512,64,4,14.119657881,199416813222,400000
llama-3b,output_sweep,512,64,4,15.129613770,199431259657,400000
llama-3b,output_sweep,512,64,4,16.139765339,199446143530,3500041
llama-3b,output_sweep,512,64,4,17.149764118,199460984800,3506505
llama-3b,output_sweep,512,64,4,18.159694947,199475994894,3400000
llama-3b,output_sweep,512,64,4,19.169836942,199490954389,3400034
llama-3b,output_sweep,512,64,4,20.180059801,199505957891,3400000
llama-3b,output_sweep,512,64,4,21.190100934,199520827299,3600036
llama-3b,output_sweep,512,64,5,.000882366,199556201415,1542675
llama-3b,output_sweep,512,64,5,1.007062612,199575949167,737124
llama-3b,output_sweep,512,64,5,2.014131866,199595340719,4100000
llama-3b,output_sweep,512,64,5,3.021685707,199624075936,4100000
llama-3b,output_sweep,512,64,5,4.029997125,199652385617,4100041
llama-3b,output_sweep,512,64,5,5.037175022,199681310958,4100000
llama-3b,output_sweep,512,64,5,6.044269719,199709568454,4100000
llama-3b,output_sweep,512,64,5,7.051269870,199737266198,4100041
llama-3b,output_sweep,512,64,5,8.059283669,199762453999,3300033
llama-3b,output_sweep,512,64,5,9.069604023,199776972517,3051125
llama-3b,output_sweep,512,64,5,10.080173103,199791536444,400000
llama-3b,output_sweep,512,64,5,11.090832344,199806210540,400000
llama-3b,output_sweep,512,64,5,12.101406951,199820631097,3300000
llama-3b,output_sweep,512,64,5,13.111802410,199835330461,3300033
llama-3b,output_sweep,512,64,5,14.121862731,199850172220,3299966
llama-3b,output_sweep,512,64,5,15.132096612,199864716738,3500000
llama-3b,output_sweep,512,64,5,16.142102432,199879525721,3500040
llama-3b,output_sweep,512,64,5,17.151712480,199894422473,3499627
llama-3b,output_sweep,512,64,5,18.161034656,199909344309,3500035
llama-3b,output_sweep,512,64,5,19.170554115,199924297579,400000
llama-3b,output_sweep,512,64,5,20.180000970,199939397272,400000
llama-3b,output_sweep,512,64,5,21.190008547,199954106524,3597213
llama-3b,output_sweep,512,128,1,.000896622,199995471835,400000
llama-3b,output_sweep,512,128,1,1.007048310,200015405622,400000
llama-3b,output_sweep,512,128,1,2.014168439,200034398677,4100041
llama-3b,output_sweep,512,128,1,3.021423124,200062522079,4100041
llama-3b,output_sweep,512,128,1,4.028106995,200090585117,4100000
llama-3b,output_sweep,512,128,1,5.034814165,200117901149,4100000
llama-3b,output_sweep,512,128,1,6.041857851,200145700272,4100000
llama-3b,output_sweep,512,128,1,7.048675073,200174450686,4600000
llama-3b,output_sweep,512,128,1,8.055633664,200203029837,4100041
llama-3b,output_sweep,512,128,1,9.062444549,200231708108,4100000
llama-3b,output_sweep,512,128,1,10.069385944,200260540127,4100041
llama-3b,output_sweep,512,128,1,11.076378839,200289213393,4100000
llama-3b,output_sweep,512,128,1,12.083438879,200317790957,4100000
llama-3b,output_sweep,512,128,1,13.090629743,200341725771,3015454
llama-3b,output_sweep,512,128,1,14.099458568,200359809526,400000
llama-3b,output_sweep,512,128,1,15.108206008,200375825293,3500000
llama-3b,output_sweep,512,128,1,16.118020765,200390380981,3400000
llama-3b,output_sweep,512,128,1,17.127547709,200405083763,3399956
llama-3b,output_sweep,512,128,1,18.137805503,200419813584,3500000
llama-3b,output_sweep,512,128,1,19.147466200,200434586617,400000
llama-3b,output_sweep,512,128,1,20.157424590,200449286164,400000
llama-3b,output_sweep,512,128,1,21.167076252,200464109491,2914518
llama-3b,output_sweep,512,128,1,22.176515305,200479101762,3499980
llama-3b,output_sweep,512,128,1,23.186128814,200493984109,400000
llama-3b,output_sweep,512,128,1,24.195946129,200508913270,3600000
llama-3b,output_sweep,512,128,1,25.205540299,200523980614,400000
llama-3b,output_sweep,512,128,1,26.215155801,200538985276,400000
llama-3b,output_sweep,512,128,1,27.224125294,200553905953,3202922
llama-3b,output_sweep,512,128,1,28.233881102,200568922699,400000
llama-3b,output_sweep,512,128,2,.000943457,200599113906,687811
llama-3b,output_sweep,512,128,2,1.006955904,200619166467,400000
llama-3b,output_sweep,512,128,2,2.013866848,200638430883,4100000
llama-3b,output_sweep,512,128,2,3.020956435,200666747888,4100000
llama-3b,output_sweep,512,128,2,4.028370465,200695265576,4100041
llama-3b,output_sweep,512,128,2,5.035447613,200723396058,4099958
llama-3b,output_sweep,512,128,2,6.042563689,200751495962,4099958
llama-3b,output_sweep,512,128,2,7.049553033,200779647868,400000
llama-3b,output_sweep,512,128,2,8.056797472,200807503692,400000
llama-3b,output_sweep,512,128,2,9.065300633,200823174428,400000
llama-3b,output_sweep,512,128,2,10.076441046,200837723036,400000
llama-3b,output_sweep,512,128,2,11.087126942,200852277320,400000
llama-3b,output_sweep,512,128,2,12.097588126,200866833557,400000
llama-3b,output_sweep,512,128,2,13.108104389,200881457360,400000
llama-3b,output_sweep,512,128,2,14.118284431,200896390305,400000
llama-3b,output_sweep,512,128,2,15.128452504,200910840647,3400054
llama-3b,output_sweep,512,128,2,16.138412781,200925672579,400000
llama-3b,output_sweep,512,128,2,17.148283376,200940554072,400000
llama-3b,output_sweep,512,128,2,18.158349813,200955375262,3499702
llama-3b,output_sweep,512,128,2,19.168032459,200970447184,400000
llama-3b,output_sweep,512,128,2,20.177590102,200985298098,3500000
llama-3b,output_sweep,512,128,2,21.187082444,201000285364,400000
llama-3b,output_sweep,512,128,2,22.197079280,201015232897,2731514
llama-3b,output_sweep,512,128,2,23.207042885,201030320322,3498401
llama-3b,output_sweep,512,128,2,24.217049545,201045291108,3601286
llama-3b,output_sweep,512,128,2,25.226550428,201060395135,3600000
llama-3b,output_sweep,512,128,2,26.235643287,201075436234,400000
llama-3b,output_sweep,512,128,2,27.245341567,201090544533,1356337
llama-3b,output_sweep,512,128,2,28.254088940,201105618713,670847
llama-3b,output_sweep,512,128,2,29.263723476,201120676169,3270779
llama-3b,output_sweep,512,128,3,.000880056,201157591785,400000
llama-3b,output_sweep,512,128,3,1.006940241,201177398802,400000
llama-3b,output_sweep,512,128,3,2.013965272,201196603404,4100000
llama-3b,output_sweep,512,128,3,3.021112549,201224583374,4100000
llama-3b,output_sweep,512,128,3,4.028245118,201252835621,4046484
llama-3b,output_sweep,512,128,3,5.035741406,201281430457,400000
llama-3b,output_sweep,512,128,3,6.043241770,201309454983,400000
llama-3b,output_sweep,512,128,3,7.050311814,201338050063,400000
llama-3b,output_sweep,512,128,3,8.057722696,201363589671,400000
llama-3b,output_sweep,512,128,3,9.067819538,201378413363,400000
llama-3b,output_sweep,512,128,3,10.078994040,201392564084,400000
llama-3b,output_sweep,512,128,3,11.089293266,201407378133,400000
llama-3b,output_sweep,512,128,3,12.099682252,201421904585,400000
llama-3b,output_sweep,512,128,3,13.109898365,201436716071,400000
llama-3b,output_sweep,512,128,3,14.119825092,201451495574,400000
llama-3b,output_sweep,512,128,3,15.129849168,201466059318,3175340
llama-3b,output_sweep,512,128,3,16.139888274,201480718583,3483058
llama-3b,output_sweep,512,128,3,17.149301227,201495763100,3500035
llama-3b,output_sweep,512,128,3,18.159347343,201510673950,3500000
llama-3b,output_sweep,512,128,3,19.169211704,201525629845,3492774
llama-3b,output_sweep,512,128,3,20.179287384,201540575851,3400000
llama-3b,output_sweep,512,128,3,21.189192012,201555433479,3500000
llama-3b,output_sweep,512,128,3,22.199242397,201570517364,3500000
llama-3b,output_sweep,512,128,3,23.208816457,201585398490,3600000
llama-3b,output_sweep,512,128,3,24.218294047,201600560134,400000
llama-3b,output_sweep,512,128,3,25.227970057,201615569373,3599408
llama-3b,output_sweep,512,128,3,26.237065363,201630669371,3495472
llama-3b,output_sweep,512,128,3,27.246512025,201645803426,3502290
llama-3b,output_sweep,512,128,3,28.256358107,201660873639,3506108
llama-3b,output_sweep,512,128,3,29.265917638,201675985844,3600000
llama-3b,output_sweep,512,128,4,.000924416,201712274264,400000
llama-3b,output_sweep,512,128,4,1.007062890,201732331708,400000
llama-3b,output_sweep,512,128,4,2.014195994,201753505970,400000
llama-3b,output_sweep,512,128,4,3.021344756,201781762551,400000
llama-3b,output_sweep,512,128,4,4.028701324,201810083950,400000
llama-3b,output_sweep,512,128,4,5.035773759,201838081681,400000
llama-3b,output_sweep,512,128,4,6.042750489,201866181097,4100000
llama-3b,output_sweep,512,128,4,7.049649710,201894675592,4100041
llama-3b,output_sweep,512,128,4,8.056933060,201918671990,3115570
llama-3b,output_sweep,512,128,4,9.067221912,201933306840,3201556
llama-3b,output_sweep,512,128,4,10.077911745,201947733012,400000
llama-3b,output_sweep,512,128,4,11.088200990,201962380802,3200000
llama-3b,output_sweep,512,128,4,12.098894591,201977081631,3200000
llama-3b,output_sweep,512,128,4,13.109442734,201991817128,3200000
llama-3b,output_sweep,512,128,4,14.120168675,202006431470,400000
llama-3b,output_sweep,512,128,4,15.130394077,202021016760,3400000
llama-3b,output_sweep,512,128,4,16.140118607,202035793700,3497531
llama-3b,output_sweep,512,128,4,17.149939351,202050840353,3500000
llama-3b,output_sweep,512,128,4,18.159880191,202065635603,3500000
llama-3b,output_sweep,512,128,4,19.169388805,202080646124,3500000
llama-3b,output_sweep,512,128,4,20.178811988,202095644560,3500000
llama-3b,output_sweep,512,128,4,21.188350758,202110497427,400000
llama-3b,output_sweep,512,128,4,22.197979233,202125571912,3496902
llama-3b,output_sweep,512,128,4,23.207878919,202140547765,400000
llama-3b,output_sweep,512,128,4,24.218409061,202155574521,400000
llama-3b,output_sweep,512,128,4,25.227676523,202170676228,400000
llama-3b,output_sweep,512,128,4,26.237476025,202185714031,400000
llama-3b,output_sweep,512,128,4,27.246554049,202201066592,3499959
llama-3b,output_sweep,512,128,4,28.256090210,202215901332,400000
llama-3b,output_sweep,512,128,4,29.265626831,202230960497,3600000
llama-3b,output_sweep,512,128,5,.000911418,202296704653,400000
llama-3b,output_sweep,512,128,5,1.006679024,202316895824,400000
llama-3b,output_sweep,512,128,5,2.013685216,202336395713,4099958
llama-3b,output_sweep,512,128,5,3.020884534,202364952464,4099958
llama-3b,output_sweep,512,128,5,4.028188881,202393251403,4100000
llama-3b,output_sweep,512,128,5,5.035486998,202421835741,4100000
llama-3b,output_sweep,512,128,5,6.042303188,202450287023,400000
llama-3b,output_sweep,512,128,5,7.050095571,202467147149,400000
llama-3b,output_sweep,512,128,5,8.060687937,202481523271,400000
llama-3b,output_sweep,512,128,5,9.070772569,202495842388,3299966
llama-3b,output_sweep,512,128,5,10.080880070,202510494694,3299966
llama-3b,output_sweep,512,128,5,11.090515563,202525362515,3299855
llama-3b,output_sweep,512,128,5,12.100849572,202540197743,400000
llama-3b,output_sweep,512,128,5,13.111290152,202554764295,3400034
llama-3b,output_sweep,512,128,5,14.121521991,202569694860,3300000
llama-3b,output_sweep,512,128,5,15.131601331,202584628903,3300000
llama-3b,output_sweep,512,128,5,16.141492775,202599181784,3499963
llama-3b,output_sweep,512,128,5,17.150930514,202614110151,3501756
llama-3b,output_sweep,512,128,5,18.160018954,202628971685,881909
llama-3b,output_sweep,512,128,5,19.168814769,202644059537,3431923
llama-3b,output_sweep,512,128,5,20.178585994,202659166616,3400000
llama-3b,output_sweep,512,128,5,21.188167011,202674127149,3500035
llama-3b,output_sweep,512,128,5,22.197835667,202688964452,3601218
llama-3b,output_sweep,512,128,5,23.207234937,202704082943,3599959
llama-3b,output_sweep,512,128,5,24.216598333,202719177021,3599963
llama-3b,output_sweep,512,128,5,25.226185715,202734292888,3599961
llama-3b,output_sweep,512,128,5,26.235508415,202749241458,1450053
llama-3b,output_sweep,512,128,5,27.244880567,202764386805,400000
llama-3b,output_sweep,512,128,5,28.254375824,202779401232,2655520
llama-3b,output_sweep,512,128,5,29.264358896,202794622812,400000
llama-3b,output_sweep,512,128,5,30.273739575,202809749238,3600000
llama-3b,output_sweep,512,256,1,.000885247,202850425464,400000
llama-3b,output_sweep,512,256,1,1.006986421,202870331175,400000
llama-3b,output_sweep,512,256,1,2.013921492,202890637275,4100000
llama-3b,output_sweep,512,256,1,3.021079827,202918587887,4100000
llama-3b,output_sweep,512,256,1,4.027788644,202947116196,4100000
llama-3b,output_sweep,512,256,1,5.034784134,202975705112,4100041
llama-3b,output_sweep,512,256,1,6.042083340,203003490685,4100041
llama-3b,output_sweep,512,256,1,7.049028118,203031550123,4100000
llama-3b,output_sweep,512,256,1,8.056161266,203056137279,3400000
llama-3b,output_sweep,512,256,1,9.065666572,203070871006,3304214
llama-3b,output_sweep,512,256,1,10.076163103,203085458859,3134390
llama-3b,output_sweep,512,256,1,11.086423451,203099910971,400000
llama-3b,output_sweep,512,256,1,12.097032994,203114469710,400000
llama-3b,output_sweep,512,256,1,13.107185836,203129363837,400000
llama-3b,output_sweep,512,256,1,14.117335222,203144163848,400000
llama-3b,output_sweep,512,256,1,15.127592745,203158635063,400000
llama-3b,output_sweep,512,256,1,16.137452139,203173349015,400000
llama-3b,output_sweep,512,256,1,17.146856266,203188297097,400000
llama-3b,output_sweep,512,256,1,18.156538176,203203283753,3500000
llama-3b,output_sweep,512,256,1,19.165972530,203218281151,400000
llama-3b,output_sweep,512,256,1,20.175432832,203233250534,3495949
llama-3b,output_sweep,512,256,1,21.185137940,203248108528,3500000
llama-3b,output_sweep,512,256,1,22.195029781,203262923676,3600041
llama-3b,output_sweep,512,256,1,23.204158859,203277984001,3600000
llama-3b,output_sweep,512,256,1,24.213194595,203293254958,3499964
llama-3b,output_sweep,512,256,1,25.222629380,203308226905,3500035
llama-3b,output_sweep,512,256,1,26.231806319,203323303404,400000
llama-3b,output_sweep,512,256,1,27.241219495,203338268210,3600000
llama-3b,output_sweep,512,256,1,28.250288219,203353285383,3600000
llama-3b,output_sweep,512,256,1,29.259377374,203368565373,400000
llama-3b,output_sweep,512,256,1,30.268599401,203383570462,400000
llama-3b,output_sweep,512,256,1,31.277925935,203398611927,3600000
llama-3b,output_sweep,512,256,1,32.287208485,203413786876,400000
llama-3b,output_sweep,512,256,1,33.297051517,203429060274,3600000
llama-3b,output_sweep,512,256,1,34.306469709,203444202020,3499964
llama-3b,output_sweep,512,256,1,35.315647840,203459269731,3600000
llama-3b,output_sweep,512,256,1,36.325225190,203474233071,3600042
llama-3b,output_sweep,512,256,1,37.334194400,203489453308,3600000
llama-3b,output_sweep,512,256,1,38.343316808,203504647239,3600467
llama-3b,output_sweep,512,256,1,39.352718756,203519707442,400000
llama-3b,output_sweep,512,256,1,40.361670471,203534800604,400000
llama-3b,output_sweep,512,256,1,41.370815281,203549921659,1907975
llama-3b,output_sweep,512,256,1,42.379961629,203565123342,3499962
llama-3b,output_sweep,512,256,1,43.389157538,203580143140,3600000
llama-3b,output_sweep,512,256,1,44.398080060,203595301914,3505208
llama-3b,output_sweep,512,256,1,45.407921411,203610485286,3499389
llama-3b,output_sweep,512,256,2,.000851678,203648888386,400000
llama-3b,output_sweep,512,256,2,1.007003714,203668658843,465798
llama-3b,output_sweep,512,256,2,2.014166004,203688821389,4099958
llama-3b,output_sweep,512,256,2,3.021071516,203717365689,4100000
llama-3b,output_sweep,512,256,2,4.028529675,203745881363,4100000
llama-3b,output_sweep,512,256,2,5.035825393,203774401126,4100041
llama-3b,output_sweep,512,256,2,6.042865817,203802601493,400000
llama-3b,output_sweep,512,256,2,7.049912002,203830975017,400000
llama-3b,output_sweep,512,256,2,8.057204623,203854012800,400000
llama-3b,output_sweep,512,256,2,9.067128658,203868569403,400000
llama-3b,output_sweep,512,256,2,10.077420483,203883143951,400000
llama-3b,output_sweep,512,256,2,11.087391059,203897726799,400000
llama-3b,output_sweep,512,256,2,12.097758887,203912441300,400000
llama-3b,output_sweep,512,256,2,13.108213638,203926935282,400000
llama-3b,output_sweep,512,256,2,14.118365290,203941911928,3191644
llama-3b,output_sweep,512,256,2,15.128562755,203956314357,3500000
llama-3b,output_sweep,512,256,2,16.137797391,203971248462,400000
llama-3b,output_sweep,512,256,2,17.147221619,203986095347,3500000
llama-3b,output_sweep,512,256,2,18.156915124,204001107516,3500000
llama-3b,output_sweep,512,256,2,19.167160446,204016009455,3500000
llama-3b,output_sweep,512,256,2,20.176573110,204031058062,3500035
llama-3b,output_sweep,512,256,2,21.185617691,204046056498,3399863
llama-3b,output_sweep,512,256,2,22.195591354,204060933657,3500000
llama-3b,output_sweep,512,256,2,23.204785069,204075951563,3600000
llama-3b,output_sweep,512,256,2,24.214683939,204090861070,3454065
llama-3b,output_sweep,512,256,2,25.224381883,204106043283,3500000
llama-3b,output_sweep,512,256,2,26.233915626,204121021150,966809
llama-3b,output_sweep,512,256,2,27.242826246,204136152825,3411213
llama-3b,output_sweep,512,256,2,28.252152848,204151339187,3599271
llama-3b,output_sweep,512,256,2,29.261563489,204166380775,400000
llama-3b,output_sweep,512,256,2,30.270519065,204181478697,3499952
llama-3b,output_sweep,512,256,2,31.280243953,204196572592,3606703
llama-3b,output_sweep,512,256,2,32.289370965,204211727094,3500436
llama-3b,output_sweep,512,256,2,33.298733625,204226796697,3600000
llama-3b,output_sweep,512,256,2,34.307327690,204241893582,3600000
llama-3b,output_sweep,512,256,2,35.317107100,204256969837,3600000
llama-3b,output_sweep,512,256,2,36.326743676,204272140575,3500000
llama-3b,output_sweep,512,256,2,37.336352378,204287222628,400441
llama-3b,output_sweep,512,256,2,38.345916094,204302353510,3500044
llama-3b,output_sweep,512,256,2,39.355738102,204317507585,3499958
llama-3b,output_sweep,512,256,2,40.365223745,204332575356,3600036
llama-3b,output_sweep,512,256,2,41.374802207,204347895752,399288
llama-3b,output_sweep,512,256,2,42.384110871,204362921836,3599963
llama-3b,output_sweep,512,256,2,43.393707319,204377980209,3599957
llama-3b,output_sweep,512,256,2,44.403123737,204393128668,3600000
llama-3b,output_sweep,512,256,2,45.412568978,204408338834,3599961
llama-3b,output_sweep,512,256,3,.000865155,204444285581,400000
llama-3b,output_sweep,512,256,3,1.007407996,204464630866,4700000
llama-3b,output_sweep,512,256,3,2.014372340,204483951312,4100000
llama-3b,output_sweep,512,256,3,3.021422577,204511763741,400000
llama-3b,output_sweep,512,256,3,4.028632908,204540437190,3857758
llama-3b,output_sweep,512,256,3,5.035744440,204568591720,4100000
llama-3b,output_sweep,512,256,3,6.042724708,204596959689,4099958
llama-3b,output_sweep,512,256,3,7.049632331,204625748495,4100000
llama-3b,output_sweep,512,256,3,8.056957079,204650766559,3299966
llama-3b,output_sweep,512,256,3,9.067284665,204665358379,3200000
llama-3b,output_sweep,512,256,3,10.077433184,204679668645,3300033
llama-3b,output_sweep,512,256,3,11.087261749,204694446928,400000
llama-3b,output_sweep,512,256,3,12.097609921,204709033804,400000
llama-3b,output_sweep,512,256,3,13.108354678,204723870070,3131889
llama-3b,output_sweep,512,256,3,14.118497788,204738602149,400000
llama-3b,output_sweep,512,256,3,15.128705362,204753006043,3400000
llama-3b,output_sweep,512,256,3,16.138478050,204767895531,400000
llama-3b,output_sweep,512,256,3,17.148022895,204782751755,3503680
llama-3b,output_sweep,512,256,3,18.157598490,204797587228,3500000
llama-3b,output_sweep,512,256,3,19.167082519,204812606354,3500583
llama-3b,output_sweep,512,256,3,20.176507998,204827647453,3397518
llama-3b,output_sweep,512,256,3,21.186299437,204842488724,3600000
llama-3b,output_sweep,512,256,3,22.195365483,204857396279,3603191
llama-3b,output_sweep,512,256,3,23.204361978,204872502380,3600000
llama-3b,output_sweep,512,256,3,24.213825100,204887677146,3600391
llama-3b,output_sweep,512,256,3,25.223385700,204902646163,3600000
llama-3b,output_sweep,512,256,3,26.233041643,204917768866,3500000
llama-3b,output_sweep,512,256,3,27.242380655,204932796049,3600000
llama-3b,output_sweep,512,256,3,28.252035837,204947952870,3479922
llama-3b,output_sweep,512,256,3,29.261450539,204963014172,3602604
llama-3b,output_sweep,512,256,3,30.271014510,204978102940,3500338
llama-3b,output_sweep,512,256,3,31.280251335,204993292293,3500000
llama-3b,output_sweep,512,256,3,32.289824870,205008332416,3600000
llama-3b,output_sweep,512,256,3,33.299437012,205023440348,3600000
llama-3b,output_sweep,512,256,3,34.309080314,205038500612,3601583
llama-3b,output_sweep,512,256,3,35.318502314,205053626367,3498834
llama-3b,output_sweep,512,256,3,36.327764028,205068789597,3076617
llama-3b,output_sweep,512,256,3,37.337212194,205083948555,3500000
llama-3b,output_sweep,512,256,3,38.346582724,205098997406,400000
llama-3b,output_sweep,512,256,3,39.355738300,205114099723,400000
llama-3b,output_sweep,512,256,3,40.365266094,205129264540,3499959
llama-3b,output_sweep,512,256,3,41.374802943,205144467077,399752
llama-3b,output_sweep,512,256,3,42.384237837,205159532407,3500000
llama-3b,output_sweep,512,256,3,43.393665655,205174700703,400000
llama-3b,output_sweep,512,256,3,44.402949455,205189830608,3499964
llama-3b,output_sweep,512,256,3,45.412563124,205204879825,400000
llama-3b,output_sweep,512,256,4,.000899542,205243556484,400000
llama-3b,output_sweep,512,256,4,1.007367421,205263462744,400000
llama-3b,output_sweep,512,256,4,2.014520215,205283342088,4099958
llama-3b,output_sweep,512,256,4,3.021748695,205311612035,4100041
llama-3b,output_sweep,512,256,4,4.028677885,205339572473,4100000
llama-3b,output_sweep,512,256,4,5.035925271,205367578322,4100000
llama-3b,output_sweep,512,256,4,6.042898963,205395614200,4100000
llama-3b,output_sweep,512,256,4,7.050116193,205424273612,4100000
llama-3b,output_sweep,512,256,4,8.057775143,205448706960,3300000
llama-3b,output_sweep,512,256,4,9.068245541,205463220167,3199967
llama-3b,output_sweep,512,256,4,10.078276475,205477530067,3300033
llama-3b,output_sweep,512,256,4,11.088475631,205492339905,400000
llama-3b,output_sweep,512,256,4,12.098776763,205506820763,400000
llama-3b,output_sweep,512,256,4,13.109001881,205521695359,400000
llama-3b,output_sweep,512,256,4,14.119284390,205536432260,400000
llama-3b,output_sweep,512,256,4,15.129298211,205550961275,400000
llama-3b,output_sweep,512,256,4,16.139145735,205565813838,400000
llama-3b,output_sweep,512,256,4,17.149059476,205580648883,3500000
llama-3b,output_sweep,512,256,4,18.158981384,205595701639,3497927
llama-3b,output_sweep,512,256,4,19.169215933,205610655581,400000
llama-3b,output_sweep,512,256,4,20.179028952,205625539454,400762
llama-3b,output_sweep,512,256,4,21.188465734,205640505785,400270
llama-3b,output_sweep,512,256,4,22.197635161,205655310984,3327791
llama-3b,output_sweep,512,256,4,23.207299401,205670441988,3600000
llama-3b,output_sweep,512,256,4,24.216257579,205685545892,3500035
llama-3b,output_sweep,512,256,4,25.225803834,205700594926,400000
llama-3b,output_sweep,512,256,4,26.234837079,205715660744,3600000
llama-3b,output_sweep,512,256,4,27.244347040,205730693176,3600000
llama-3b,output_sweep,512,256,4,28.253681979,205745689415,3599963
llama-3b,output_sweep,512,256,4,29.263250698,205760928695,3600036
llama-3b,output_sweep,512,256,4,30.272621242,205775958685,3600000
llama-3b,output_sweep,512,256,4,31.282006416,205791047331,3600000
llama-3b,output_sweep,512,256,4,32.291810634,205806193410,3499964
llama-3b,output_sweep,512,256,4,33.301316511,205821358716,3500000
llama-3b,output_sweep,512,256,4,34.311098956,205836473179,3600042
llama-3b,output_sweep,512,256,4,35.320621643,205851557735,400000
llama-3b,output_sweep,512,256,4,36.329940544,205866719622,3600000
llama-3b,output_sweep,512,256,4,37.339456727,205881841715,3599962
llama-3b,output_sweep,512,256,4,38.348895171,205896868349,3598265
llama-3b,output_sweep,512,256,4,39.358518791,205912013635,400000
llama-3b,output_sweep,512,256,4,40.367770036,205927164170,3528120
llama-3b,output_sweep,512,256,4,41.376852793,205942280586,3326568
llama-3b,output_sweep,512,256,4,42.386080019,205957514617,3600000
llama-3b,output_sweep,512,256,4,43.395233172,205972636832,3600836
llama-3b,output_sweep,512,256,4,44.404554887,205987647474,400000
llama-3b,output_sweep,512,256,4,45.414065805,206002840368,3600000
llama-3b,output_sweep,512,256,5,.000930604,206041057555,400000
llama-3b,output_sweep,512,256,5,1.007024426,206061214791,400000
llama-3b,output_sweep,512,256,5,2.013926256,206080548909,4100000
llama-3b,output_sweep,512,256,5,3.021093236,206109096810,4100000
llama-3b,output_sweep,512,256,5,4.029056181,206137238278,4100000
llama-3b,output_sweep,512,256,5,5.036293585,206165733444,4100000
llama-3b,output_sweep,512,256,5,6.043255530,206194162571,4100000
llama-3b,output_sweep,512,256,5,7.049876497,206222389732,3541416
llama-3b,output_sweep,512,256,5,8.057375747,206246276390,400000
llama-3b,output_sweep,512,256,5,9.068202180,206260702073,400000
llama-3b,output_sweep,512,256,5,10.078915389,206275192759,400000
llama-3b,output_sweep,512,256,5,11.089246626,206289956027,3200032
llama-3b,output_sweep,512,256,5,12.099718639,206304493038,3200000
llama-3b,output_sweep,512,256,5,13.110521632,206319159931,3300033
llama-3b,output_sweep,512,256,5,14.120997510,206333873700,3300000
llama-3b,output_sweep,512,256,5,15.131507854,206348556219,3400000
llama-3b,output_sweep,512,256,5,16.141826973,206363372404,3342999
llama-3b,output_sweep,512,256,5,17.151707267,206378138235,400000
llama-3b,output_sweep,512,256,5,18.161557257,206393229627,400000
llama-3b,output_sweep,512,256,5,19.171687374,206408082738,3500038
llama-3b,output_sweep,512,256,5,20.181489110,206423074216,400000
llama-3b,output_sweep,512,256,5,21.191001686,206437925436,3357437
llama-3b,output_sweep,512,256,5,22.201014501,206453067365,3500035
llama-3b,output_sweep,512,256,5,23.210408965,206468038212,3600000
llama-3b,output_sweep,512,256,5,24.219977531,206483114712,3600000
llama-3b,output_sweep,512,256,5,25.229745044,206498178882,3600000
llama-3b,output_sweep,512,256,5,26.239046999,206513267467,3600000
llama-3b,output_sweep,512,256,5,27.248743968,206528361178,3605750
llama-3b,output_sweep,512,256,5,28.258094768,206543286677,3600000
llama-3b,output_sweep,512,256,5,29.268236707,206558410479,3248568
llama-3b,output_sweep,512,256,5,30.277342388,206573689065,3500000
llama-3b,output_sweep,512,256,5,31.287038135,206588699097,3600000
llama-3b,output_sweep,512,256,5,32.296232399,206603827171,3414383
llama-3b,output_sweep,512,256,5,33.306557046,206618880417,3544230
llama-3b,output_sweep,512,256,5,34.316371594,206634009711,3600000
llama-3b,output_sweep,512,256,5,35.326142096,206649147368,3600000
llama-3b,output_sweep,512,256,5,36.335232360,206664257437,3600000
llama-3b,output_sweep,512,256,5,37.344938072,206679407483,3600533
llama-3b,output_sweep,512,256,5,38.354221725,206694526524,3600000
llama-3b,output_sweep,512,256,5,39.363642649,206709641659,3600000
llama-3b,output_sweep,512,256,5,40.373087305,206724881183,3500000
llama-3b,output_sweep,512,256,5,41.382782163,206740155131,3399032
llama-3b,output_sweep,512,256,5,42.392677017,206755157717,3501852
llama-3b,output_sweep,512,256,5,43.402982079,206770466332,3399965
llama-3b,output_sweep,512,256,5,44.412071260,206785562912,1041922
llama-3b,output_sweep,512,256,5,45.421497271,206800720222,3400000
llama-3b,output_sweep,512,256,5,46.430911506,206815905120,3300000
llama-3b,output_sweep,512,384,1,.001012373,206866474143,400230
llama-3b,output_sweep,512,384,1,1.007493151,206879957080,400000
llama-3b,output_sweep,512,384,1,2.014693244,206900455440,400000
llama-3b,output_sweep,512,384,1,3.021393401,206929106551,4100000
llama-3b,output_sweep,512,384,1,4.028451031,206957146885,4100000
llama-3b,output_sweep,512,384,1,5.035760393,206985059716,4100000
llama-3b,output_sweep,512,384,1,6.042568384,207013700207,4100000
llama-3b,output_sweep,512,384,1,7.049486297,207041684205,400000
llama-3b,output_sweep,512,384,1,8.057108782,207066441588,400000
llama-3b,output_sweep,512,384,1,9.066956490,207080988364,400000
llama-3b,output_sweep,512,384,1,10.077491646,207095388535,400000
llama-3b,output_sweep,512,384,1,11.087472998,207110140206,400000
llama-3b,output_sweep,512,384,1,12.097766169,207124799654,400000
llama-3b,output_sweep,512,384,1,13.108328414,207139523493,3200000
llama-3b,output_sweep,512,384,1,14.118709032,207154132098,400000
llama-3b,output_sweep,512,384,1,15.128795584,207169119120,400000
llama-3b,output_sweep,512,384,1,16.139364598,207183526188,400000
llama-3b,output_sweep,512,384,1,17.149304369,207198488613,3364184
llama-3b,output_sweep,512,384,1,18.158476386,207213344349,3498056
llama-3b,output_sweep,512,384,1,19.167932628,207228297558,3500000
llama-3b,output_sweep,512,384,1,20.177717503,207243442111,3406204
llama-3b,output_sweep,512,384,1,21.188062553,207258371211,3502681
llama-3b,output_sweep,512,384,1,22.197639030,207273170551,3600000
llama-3b,output_sweep,512,384,1,23.207039019,207288247600,2499355
llama-3b,output_sweep,512,384,1,24.216083523,207303381228,3500000
llama-3b,output_sweep,512,384,1,25.225848501,207318227198,3600000
llama-3b,output_sweep,512,384,1,26.235606336,207333529954,400201
llama-3b,output_sweep,512,384,1,27.244567445,207348451791,3598070
llama-3b,output_sweep,512,384,1,28.254100868,207363583466,819400
llama-3b,output_sweep,512,384,1,29.263761331,207378623284,3600000
llama-3b,output_sweep,512,384,1,30.273362105,207393842971,400000
llama-3b,output_sweep,512,384,1,31.282501275,207408877418,3600000
llama-3b,output_sweep,512,384,1,32.291842630,207424071959,3596797
llama-3b,output_sweep,512,384,1,33.301105354,207439034811,3603730
llama-3b,output_sweep,512,384,1,34.310458438,207454257428,3598500
llama-3b,output_sweep,512,384,1,35.319553453,207469380498,545140
llama-3b,output_sweep,512,384,1,36.328610264,207484421414,3599958
llama-3b,output_sweep,512,384,1,37.337834531,207499670825,3384216
llama-3b,output_sweep,512,384,1,38.346810784,207514685802,3604736
llama-3b,output_sweep,512,384,1,39.356459359,207529815340,3600044
llama-3b,output_sweep,512,384,1,40.365713936,207544996393,3500000
llama-3b,output_sweep,512,384,1,41.375939395,207560027482,3529153
llama-3b,output_sweep,512,384,1,42.386084611,207575317055,3500000
llama-3b,output_sweep,512,384,1,43.395623677,207590333069,1293118
llama-3b,output_sweep,512,384,1,44.405077254,207605506065,3600036
llama-3b,output_sweep,512,384,1,45.414263375,207620562728,3600000
llama-3b,output_sweep,512,384,1,46.423811876,207635755682,3407747
llama-3b,output_sweep,512,384,1,47.433496716,207650847807,3600040
llama-3b,output_sweep,512,384,1,48.442616027,207666033620,3600043
llama-3b,output_sweep,512,384,1,49.452035539,207681260143,3499964
llama-3b,output_sweep,512,384,1,50.461594075,207696387851,3500035
llama-3b,output_sweep,512,384,1,51.471126805,207711557063,3500000
llama-3b,output_sweep,512,384,1,52.480538272,207726591997,3600039
llama-3b,output_sweep,512,384,1,53.489790851,207741726968,3499753
llama-3b,output_sweep,512,384,1,54.499306008,207756785890,3180589
llama-3b,output_sweep,512,384,1,55.508719545,207771867211,3600000
llama-3b,output_sweep,512,384,1,56.518335690,207787100815,3600000
llama-3b,output_sweep,512,384,1,57.527581657,207802360907,3177477
llama-3b,output_sweep,512,384,1,58.537184362,207817362883,3600000
llama-3b,output_sweep,512,384,1,59.546493136,207832406668,3600000
llama-3b,output_sweep,512,384,1,60.555895511,207847734693,3600040
llama-3b,output_sweep,512,384,1,61.565084928,207862843235,3600036
llama-3b,output_sweep,512,384,1,62.574465707,207877982723,3600000
llama-3b,output_sweep,512,384,2,.000922194,207911691377,400000
llama-3b,output_sweep,512,384,2,1.007001695,207931453594,400000
llama-3b,output_sweep,512,384,2,2.014073737,207951063347,4099958
llama-3b,output_sweep,512,384,2,3.021173974,207979705851,4100000
llama-3b,output_sweep,512,384,2,4.028307525,208007757843,4700047
llama-3b,output_sweep,512,384,2,5.035569133,208036018695,4100000
llama-3b,output_sweep,512,384,2,6.042567340,208064124031,4100000
llama-3b,output_sweep,512,384,2,7.049631297,208092351620,4100000
llama-3b,output_sweep,512,384,2,8.057194913,208119395130,3600036
llama-3b,output_sweep,512,384,2,9.066482830,208134375316,3200000
llama-3b,output_sweep,512,384,2,10.077202721,208148803197,3300000
llama-3b,output_sweep,512,384,2,11.087573734,208163446348,400000
llama-3b,output_sweep,512,384,2,12.097971265,208177922568,400000
llama-3b,output_sweep,512,384,2,13.107833166,208192731551,400000
llama-3b,output_sweep,512,384,2,14.118265979,208207484687,400000
llama-3b,output_sweep,512,384,2,15.128340024,208221901398,3500000
llama-3b,output_sweep,512,384,2,16.137626329,208236829339,3500039
llama-3b,output_sweep,512,384,2,17.148097813,208251820511,3400000
llama-3b,output_sweep,512,384,2,18.158244519,208266629494,3499964
llama-3b,output_sweep,512,384,2,19.167646469,208281600525,641998
llama-3b,output_sweep,512,384,2,20.177572494,208296593651,3500000
llama-3b,output_sweep,512,384,2,21.187192159,208311486008,3498232
llama-3b,output_sweep,512,384,2,22.196829788,208326468269,3600000
llama-3b,output_sweep,512,384,2,23.206570632,208341471100,3600000
llama-3b,output_sweep,512,384,2,24.215924252,208356605277,3597094
llama-3b,output_sweep,512,384,2,25.225656038,208371634230,3599959
llama-3b,output_sweep,512,384,2,26.235413330,208386667639,3598971
llama-3b,output_sweep,512,384,2,27.244637147,208401725157,3181299
llama-3b,output_sweep,512,384,2,28.253872192,208416814290,3600000
llama-3b,output_sweep,512,384,2,29.263244107,208431951886,1671924
llama-3b,output_sweep,512,384,2,30.272845424,208447017887,3597910
llama-3b,output_sweep,512,384,2,31.282161120,208462110012,400000
llama-3b,output_sweep,512,384,2,32.291259968,208477261279,3501838
llama-3b,output_sweep,512,384,2,33.300666014,208492349009,3500000
llama-3b,output_sweep,512,384,2,34.310458585,208507411532,3500000
llama-3b,output_sweep,512,384,2,35.319909741,208522524591,400000
llama-3b,output_sweep,512,384,2,36.329493911,208537730485,3605020
llama-3b,output_sweep,512,384,2,37.339080515,208552885964,400000
llama-3b,output_sweep,512,384,2,38.348836062,208567879883,3603321
llama-3b,output_sweep,512,384,2,39.358005516,208583115073,3500000
llama-3b,output_sweep,512,384,2,40.367501893,208598286787,3229990
llama-3b,output_sweep,512,384,2,41.376601629,208613318670,3599916
llama-3b,output_sweep,512,384,2,42.386995800,208628431058,3500000
llama-3b,output_sweep,512,384,2,43.396501077,208643616505,3600549
llama-3b,output_sweep,512,384,2,44.405995398,208658684033,3622167
llama-3b,output_sweep,512,384,2,45.415352935,208673945285,835358
llama-3b,output_sweep,512,384,2,46.424960978,208689043208,3500000
llama-3b,output_sweep,512,384,2,47.434604999,208704208208,3500000
llama-3b,output_sweep,512,384,2,48.444414503,208719275735,400000
llama-3b,output_sweep,512,384,2,49.453944078,208734408692,3500000
llama-3b,output_sweep,512,384,2,50.463538495,208749609886,3500000
llama-3b,output_sweep,512,384,2,51.472711175,208764528976,3599960
llama-3b,output_sweep,512,384,2,52.481756930,208779787788,400000
llama-3b,output_sweep,512,384,2,53.490911342,208794835112,3599960
llama-3b,output_sweep,512,384,2,54.500322461,208810004629,3600000
llama-3b,output_sweep,512,384,2,55.510116807,208825201978,3599963
llama-3b,output_sweep,512,384,2,56.519443093,208840236058,2509738
llama-3b,output_sweep,512,384,2,57.528976919,208855366207,400000
llama-3b,output_sweep,512,384,2,58.538612149,208870627521,2972042
llama-3b,output_sweep,512,384,2,59.547699648,208885763224,396366
llama-3b,output_sweep,512,384,2,60.556895537,208900923952,400000
llama-3b,output_sweep,512,384,2,61.566293220,208916069543,400000
llama-3b,output_sweep,512,384,3,.000832511,208952381157,400000
llama-3b,output_sweep,512,384,3,1.006785780,208972630556,4700000
llama-3b,output_sweep,512,384,3,2.013470803,208994498053,400000
llama-3b,output_sweep,512,384,3,3.020173821,209023196588,4100000
llama-3b,output_sweep,512,384,3,4.027270094,209051870038,2905767
llama-3b,output_sweep,512,384,3,5.034295737,209080390412,400000
llama-3b,output_sweep,512,384,3,6.041322139,209109480486,4114436
llama-3b,output_sweep,512,384,3,7.049936937,209145936508,2900000
llama-3b,output_sweep,512,384,3,8.066237528,209160123423,2900000
llama-3b,output_sweep,512,384,3,9.077982868,209174260044,400000
llama-3b,output_sweep,512,384,3,10.088623371,209188782224,400000
llama-3b,output_sweep,512,384,3,11.098761530,209203471700,400000
llama-3b,output_sweep,512,384,3,12.108770423,209218054000,3200000
llama-3b,output_sweep,512,384,3,13.118872019,209232851996,400000
llama-3b,output_sweep,512,384,3,14.128873682,209247550628,400000
llama-3b,output_sweep,512,384,3,15.138640267,209262563834,400000
llama-3b,output_sweep,512,384,3,16.149151932,209277047196,400000
llama-3b,output_sweep,512,384,3,17.159195958,209291909340,3500249
llama-3b,output_sweep,512,384,3,18.168948471,209306829468,3500855
llama-3b,output_sweep,512,384,3,19.178233229,209321834862,3500000
llama-3b,output_sweep,512,384,3,20.188137458,209336957809,3400034
llama-3b,output_sweep,512,384,3,21.198029307,209352004157,3399965
llama-3b,output_sweep,512,384,3,22.207595039,209366810638,3600036
llama-3b,output_sweep,512,384,3,23.217106904,209381748649,3599960
llama-3b,output_sweep,512,384,3,24.227435493,209396917067,3600000
llama-3b,output_sweep,512,384,3,25.236752009,209412012487,3552965
llama-3b,output_sweep,512,384,3,26.245987976,209427163144,3600000
llama-3b,output_sweep,512,384,3,27.255252899,209442217305,3558725
llama-3b,output_sweep,512,384,3,28.264690448,209457287335,3600000
llama-3b,output_sweep,512,384,3,29.273944305,209472267277,400000
llama-3b,output_sweep,512,384,3,30.282800039,209487534877,400000
llama-3b,output_sweep,512,384,3,31.292670352,209502644519,400000
llama-3b,output_sweep,512,384,3,32.302292226,209517680857,3599927
llama-3b,output_sweep,512,384,3,33.312061621,209532821870,3600000
llama-3b,output_sweep,512,384,3,34.321775795,209548012750,3600000
llama-3b,output_sweep,512,384,3,35.331448673,209563067643,3001982
llama-3b,output_sweep,512,384,3,36.341031588,209578229896,3486491
llama-3b,output_sweep,512,384,3,37.350797494,209593330566,3600000
llama-3b,output_sweep,512,384,3,38.360268030,209608551169,400000
llama-3b,output_sweep,512,384,3,39.369976703,209623641035,3599963
llama-3b,output_sweep,512,384,3,40.379642075,209638715703,3600040
llama-3b,output_sweep,512,384,3,41.388943170,209653968411,3500000
llama-3b,output_sweep,512,384,3,42.398737414,209669001453,3390417
llama-3b,output_sweep,512,384,3,43.408445505,209684166759,3499960
llama-3b,output_sweep,512,384,3,44.418260552,209699277072,3599960
llama-3b,output_sweep,512,384,3,45.427931786,209714423578,3454452
llama-3b,output_sweep,512,384,3,46.437446757,209729617204,3379251
llama-3b,output_sweep,512,384,3,47.447121792,209744699136,3600000
llama-3b,output_sweep,512,384,3,48.456576102,209759835816,3500035
llama-3b,output_sweep,512,384,3,49.466452984,209775001426,3436757
llama-3b,output_sweep,512,384,3,50.476445892,209790211898,3500000
llama-3b,output_sweep,512,384,3,51.486548072,209805337591,3499961
llama-3b,output_sweep,512,384,3,52.496016557,209820456571,828458
llama-3b,output_sweep,512,384,3,53.504984044,209835556508,3600036
llama-3b,output_sweep,512,384,3,54.514386962,209850511914,3578353
llama-3b,output_sweep,512,384,3,55.523580252,209865741734,3600000
llama-3b,output_sweep,512,384,3,56.533073774,209880821346,3607193
llama-3b,output_sweep,512,384,3,57.542209933,209895948016,3699962
llama-3b,output_sweep,512,384,3,58.551818422,209911188639,3600753
llama-3b,output_sweep,512,384,3,59.561309261,209926348512,3600000
llama-3b,output_sweep,512,384,3,60.570982018,209941555077,3600000
llama-3b,output_sweep,512,384,3,61.579754933,209956637924,3599963
llama-3b,output_sweep,512,384,3,62.589245003,209971788215,395932
llama-3b,output_sweep,512,384,3,63.598297160,209986877715,3600000
llama-3b,output_sweep,512,384,4,.000911390,210017468945,400000
llama-3b,output_sweep,512,384,4,1.007554985,210037730307,400115
llama-3b,output_sweep,512,384,4,2.014640002,210057216829,4100041
llama-3b,output_sweep,512,384,4,3.021934681,210085092979,4100000
llama-3b,output_sweep,512,384,4,4.029254992,210113467174,4100000
llama-3b,output_sweep,512,384,4,5.036361711,210141678222,4099958
llama-3b,output_sweep,512,384,4,6.043486438,210169974170,4100041
llama-3b,output_sweep,512,384,4,7.050423981,210198397559,4100000
llama-3b,output_sweep,512,384,4,8.057671622,210226161587,3899921
llama-3b,output_sweep,512,384,4,9.066434909,210241641833,400000
llama-3b,output_sweep,512,384,4,10.076698054,210256103222,400000
llama-3b,output_sweep,512,384,4,11.087458954,210270852513,400000
llama-3b,output_sweep,512,384,4,12.098832287,210285309385,400000
llama-3b,output_sweep,512,384,4,13.109183105,210299901633,3400000
llama-3b,output_sweep,512,384,4,14.119246806,210314713485,400000
llama-3b,output_sweep,512,384,4,15.128995711,210329193123,3400041
llama-3b,output_sweep,512,384,4,16.138618264,210344053253,3442200
llama-3b,output_sweep,512,384,4,17.148432683,210358911003,3500000
llama-3b,output_sweep,512,384,4,18.157759522,210373904373,1516715
llama-3b,output_sweep,512,384,4,19.167092561,210388916053,3400068
llama-3b,output_sweep,512,384,4,20.176920645,210403764038,3500000
llama-3b,output_sweep,512,384,4,21.186764686,210418762351,3500000
llama-3b,output_sweep,512,384,4,22.196864912,210433675277,3599949
llama-3b,output_sweep,512,384,4,23.206461968,210448623542,400000
llama-3b,output_sweep,512,384,4,24.215720853,210463735991,3599962
llama-3b,output_sweep,512,384,4,25.225633550,210478891409,3600000
llama-3b,output_sweep,512,384,4,26.235226866,210493912916,3599963
llama-3b,output_sweep,512,384,4,27.244888997,210508973058,400000
llama-3b,output_sweep,512,384,4,28.254439954,210524138791,3600000
llama-3b,output_sweep,512,384,4,29.263977042,210539037678,3476655
llama-3b,output_sweep,512,384,4,30.273951256,210554285564,3499924
llama-3b,output_sweep,512,384,4,31.283405592,210569428897,410191
llama-3b,output_sweep,512,384,4,32.293040636,210584330775,3600000
llama-3b,output_sweep,512,384,4,33.302484672,210599556322,3529986
llama-3b,output_sweep,512,384,4,34.312135029,210614684763,561692
llama-3b,output_sweep,512,384,4,35.321242122,210629809541,3600000
llama-3b,output_sweep,512,384,4,36.330569941,210644930840,3608275
llama-3b,output_sweep,512,384,4,37.339826597,210660010147,3600000
llama-3b,output_sweep,512,384,4,38.349089187,210675196632,3504146
llama-3b,output_sweep,512,384,4,39.358768975,210690223082,3600044
llama-3b,output_sweep,512,384,4,40.368181134,210705337057,3600000
llama-3b,output_sweep,512,384,4,41.377562507,210720602094,3600000
llama-3b,output_sweep,512,384,4,42.387103530,210735751957,3500000
llama-3b,output_sweep,512,384,4,43.396215045,210750708279,3567452
llama-3b,output_sweep,512,384,4,44.405233622,210765950977,3600000
llama-3b,output_sweep,512,384,4,45.414871033,210781090953,3600044
llama-3b,output_sweep,512,384,4,46.424526247,210796224947,3500000
llama-3b,output_sweep,512,384,4,47.433879244,210811356439,3600278
llama-3b,output_sweep,512,384,4,48.443522577,210826506669,3600000
llama-3b,output_sweep,512,384,4,49.453189715,210841695229,3601698
llama-3b,output_sweep,512,384,4,50.462886181,210856859069,3500000
llama-3b,output_sweep,512,384,4,51.472809377,210871935630,3600000
llama-3b,output_sweep,512,384,4,52.482287124,210887100081,400000
llama-3b,output_sweep,512,384,4,53.491966830,210902118048,3607142
llama-3b,output_sweep,512,384,4,54.501239100,210917259000,3600000
llama-3b,output_sweep,512,384,4,55.510670856,210932424611,3600000
llama-3b,output_sweep,512,384,4,56.520284692,210947626842,3601391
llama-3b,output_sweep,512,384,4,57.529787310,210962668796,3600000
llama-3b,output_sweep,512,384,4,58.539343515,210977803157,3600998
llama-3b,output_sweep,512,384,4,59.548751515,210992997637,400000
llama-3b,output_sweep,512,384,4,60.557927792,211008068460,3702658
llama-3b,output_sweep,512,384,5,.000895817,211043492503,400000
llama-3b,output_sweep,512,384,5,1.006839251,211063530720,400000
llama-3b,output_sweep,512,384,5,2.014563355,211083034943,4100000
llama-3b,output_sweep,512,384,5,3.021565613,211111250996,4100000
llama-3b,output_sweep,512,384,5,4.028659239,211139393380,4100000
llama-3b,output_sweep,512,384,5,5.035651740,211167435179,4100000
llama-3b,output_sweep,512,384,5,6.042699644,211195550341,4100000
llama-3b,output_sweep,512,384,5,7.049469971,211224271886,4100000
llama-3b,output_sweep,512,384,5,8.056743430,211250046844,3399965
llama-3b,output_sweep,512,384,5,9.066619466,211264863152,3200000
llama-3b,output_sweep,512,384,5,10.077237242,211279316362,400000
llama-3b,output_sweep,512,384,5,11.087380366,211293921122,400000
llama-3b,output_sweep,512,384,5,12.097961488,211308497195,400000
llama-3b,output_sweep,512,384,5,13.108163943,211323154140,400000
llama-3b,output_sweep,512,384,5,14.118342206,211338048267,400000
llama-3b,output_sweep,512,384,5,15.128177306,211352428418,3490480
llama-3b,output_sweep,512,384,5,16.137909637,211367327245,3399965
llama-3b,output_sweep,512,384,5,17.147594986,211382226865,3500000
llama-3b,output_sweep,512,384,5,18.157246708,211397187703,3400000
llama-3b,output_sweep,512,384,5,19.167136599,211412117536,3400000
llama-3b,output_sweep,512,384,5,20.176796397,211427124211,400000
llama-3b,output_sweep,512,384,5,21.186379221,211441945035,3597092
llama-3b,output_sweep,512,384,5,22.195728064,211456910817,3600000
llama-3b,output_sweep,512,384,5,23.205168891,211472036450,3436035
llama-3b,output_sweep,512,384,5,24.214956716,211487012363,3600000
llama-3b,output_sweep,512,384,5,25.224500603,211502109798,3594915
llama-3b,output_sweep,512,384,5,26.233724775,211517188495,3600000
llama-3b,output_sweep,512,384,5,27.243126623,211532232646,3599959
llama-3b,output_sweep,512,384,5,28.252467824,211547414797,3499962
llama-3b,output_sweep,512,384,5,29.261920668,211562416467,3600000
llama-3b,output_sweep,512,384,5,30.271615889,211577495103,3600180
llama-3b,output_sweep,512,384,5,31.281070120,211592611214,3600000
llama-3b,output_sweep,512,384,5,32.290605134,211607691742,3599957
llama-3b,output_sweep,512,384,5,33.300501721,211622866325,3600000
llama-3b,output_sweep,512,384,5,34.310051674,211637978652,3600038
llama-3b,output_sweep,512,384,5,35.319438242,211653087988,3569543
llama-3b,output_sweep,512,384,5,36.329073255,211668284177,3604864
llama-3b,output_sweep,512,384,5,37.338580778,211683363118,3600036
llama-3b,output_sweep,512,384,5,38.347799922,211698484722,3600000
llama-3b,output_sweep,512,384,5,39.357025250,211713539860,3600000
llama-3b,output_sweep,512,384,5,40.368286196,211728787135,3600036
llama-3b,output_sweep,512,384,5,41.378011100,211743942003,3600000
llama-3b,output_sweep,512,384,5,42.388146579,211758966257,3599963
llama-3b,output_sweep,512,384,5,43.398202369,211774215974,3493798
llama-3b,output_sweep,512,384,5,44.407363295,211789304863,570374
llama-3b,output_sweep,512,384,5,45.415926189,211804494827,3499960
llama-3b,output_sweep,512,384,5,46.425294617,211819526588,3600312
llama-3b,output_sweep,512,384,5,47.434107735,211834749999,3498458
llama-3b,output_sweep,512,384,5,48.443954769,211849788229,3594435
llama-3b,output_sweep,512,384,5,49.453258325,211864973371,3599140
llama-3b,output_sweep,512,384,5,50.463193224,211880148198,3599961
llama-3b,output_sweep,512,384,5,51.472998829,211895333401,3500000
llama-3b,output_sweep,512,384,5,52.482993854,211910491016,3499964
llama-3b,output_sweep,512,384,5,53.492795765,211925477244,3599963
llama-3b,output_sweep,512,384,5,54.502338906,211940578097,3599960
llama-3b,output_sweep,512,384,5,55.511082333,211955603876,3600000
llama-3b,output_sweep,512,384,5,56.520198957,211970808976,3585461
llama-3b,output_sweep,512,384,5,57.529285352,211985901162,3599963
llama-3b,output_sweep,512,384,5,58.538299989,212001122803,3700000
llama-3b,output_sweep,512,384,5,59.547631075,212016272544,3599963
llama-3b,output_sweep,512,384,5,60.557254098,212031453780,400000
llama-3b,output_sweep,512,384,5,61.566443424,212046537847,754935
llama-3b,output_sweep,512,384,5,62.575504495,212061636564,3599958
llama-3b,output_sweep,512,512,1,.000853045,212100594838,400000
llama-3b,output_sweep,512,512,1,1.007069945,212120697631,784415
llama-3b,output_sweep,512,512,1,2.013876435,212140230601,4100000
llama-3b,output_sweep,512,512,1,3.020699305,212168857481,4100000
llama-3b,output_sweep,512,512,1,4.028173608,212197268419,4100000
llama-3b,output_sweep,512,512,1,5.035074136,212225009864,4100000
llama-3b,output_sweep,512,512,1,6.041960421,212252775173,4100000
llama-3b,output_sweep,512,512,1,7.049212304,212281244522,4100000
llama-3b,output_sweep,512,512,1,8.056687044,212307493234,3400000
llama-3b,output_sweep,512,512,1,9.066466875,212322322725,3200000
llama-3b,output_sweep,512,512,1,10.077044479,212336824946,3200032
llama-3b,output_sweep,512,512,1,11.087715312,212351391803,3199967
llama-3b,output_sweep,512,512,1,12.098713812,212365994793,3199967
llama-3b,output_sweep,512,512,1,13.108885008,212380697514,3200032
llama-3b,output_sweep,512,512,1,14.119415108,212395465787,400000
llama-3b,output_sweep,512,512,1,15.129737213,212409897513,3401011
llama-3b,output_sweep,512,512,1,16.139416835,212424682265,3500000
llama-3b,output_sweep,512,512,1,17.149035416,212439565101,3493123
llama-3b,output_sweep,512,512,1,18.158641744,212454452453,400000
llama-3b,output_sweep,512,512,1,19.167902925,212469340476,3600000
llama-3b,output_sweep,512,512,1,20.177392556,212484462325,3517456
llama-3b,output_sweep,512,512,1,21.186843852,212499422857,400000
llama-3b,output_sweep,512,512,1,22.196234568,212514247893,3704097
llama-3b,output_sweep,512,512,1,23.205181747,212529260550,1685031
llama-3b,output_sweep,512,512,1,24.214524044,212544354993,400000
llama-3b,output_sweep,512,512,1,25.223650545,212559409826,2018416
llama-3b,output_sweep,512,512,1,26.232847455,212574453366,1800300
llama-3b,output_sweep,512,512,1,27.241929306,212589533223,400000
llama-3b,output_sweep,512,512,1,28.251320910,212604791545,3600043
llama-3b,output_sweep,512,512,1,29.261181133,212619891787,3535376
llama-3b,output_sweep,512,512,1,30.270720489,212634740138,3600000
llama-3b,output_sweep,512,512,1,31.279933533,212650109483,3500211
llama-3b,output_sweep,512,512,1,32.289961154,212665114816,400000
llama-3b,output_sweep,512,512,1,33.299362962,212680229463,3601043
llama-3b,output_sweep,512,512,1,34.308759258,212695383293,3600000
llama-3b,output_sweep,512,512,1,35.318213219,212710500930,3600000
llama-3b,output_sweep,512,512,1,36.327516712,212725682898,3500000
llama-3b,output_sweep,512,512,1,37.337418785,212740744322,3500000
llama-3b,output_sweep,512,512,1,38.347340509,212755920553,3500000
llama-3b,output_sweep,512,512,1,39.356983281,212770994245,399534
llama-3b,output_sweep,512,512,1,40.366115815,212786105473,3501990
llama-3b,output_sweep,512,512,1,41.375954767,212801192532,3600000
llama-3b,output_sweep,512,512,1,42.385339599,212816322803,3540400
llama-3b,output_sweep,512,512,1,43.394931518,212831513438,3500000
llama-3b,output_sweep,512,512,1,44.404387970,212846637667,3472311
llama-3b,output_sweep,512,512,1,45.414104713,212861793207,3499960
llama-3b,output_sweep,512,512,1,46.423689180,212876942948,3500000
llama-3b,output_sweep,512,512,1,47.433175891,212892121315,400000
llama-3b,output_sweep,512,512,1,48.442987055,212907285400,3499894
llama-3b,output_sweep,512,512,1,49.452771242,212922326255,3600000
llama-3b,output_sweep,512,512,1,50.462671541,212937423018,400000
llama-3b,output_sweep,512,512,1,51.472164899,212952550787,3600040
llama-3b,output_sweep,512,512,1,52.481483742,212967766385,3500048
llama-3b,output_sweep,512,512,1,53.492036387,212982773122,400000
llama-3b,output_sweep,512,512,1,54.501693789,212997956676,3299830
llama-3b,output_sweep,512,512,1,55.511052479,213013084567,3539690
llama-3b,output_sweep,512,512,1,56.520550313,213028294673,3600036
llama-3b,output_sweep,512,512,1,57.530404520,213043345293,3600036
llama-3b,output_sweep,512,512,1,58.539743874,213058451212,3600000
llama-3b,output_sweep,512,512,1,59.548659369,213073628358,3600000
llama-3b,output_sweep,512,512,1,60.557854434,213088761986,3600000
llama-3b,output_sweep,512,512,1,61.567067116,213103862533,3600000
llama-3b,output_sweep,512,512,1,62.576612217,213119080024,3596292
llama-3b,output_sweep,512,512,1,63.585576398,213134251494,3601004
llama-3b,output_sweep,512,512,1,64.595006608,213149482412,3600000
llama-3b,output_sweep,512,512,1,65.604222283,213164573498,400000
llama-3b,output_sweep,512,512,1,66.613863121,213179741611,3409659
llama-3b,output_sweep,512,512,1,67.623234950,213194893489,3500035
llama-3b,output_sweep,512,512,1,68.632758078,213209992022,3600000
llama-3b,output_sweep,512,512,1,69.642079480,213225205667,3500039
llama-3b,output_sweep,512,512,1,70.652478174,213240257387,3499960
llama-3b,output_sweep,512,512,1,71.662045799,213255425073,3596234
llama-3b,output_sweep,512,512,2,.000890539,213294215928,400000
llama-3b,output_sweep,512,512,2,1.007132585,213313987178,400000
llama-3b,output_sweep,512,512,2,2.014277077,213333418159,4100000
llama-3b,output_sweep,512,512,2,3.021453316,213361967463,4099958
llama-3b,output_sweep,512,512,2,4.028398160,213389966293,4100000
llama-3b,output_sweep,512,512,2,5.035143491,213418310886,4100000
llama-3b,output_sweep,512,512,2,6.042121654,213446913962,4107850
llama-3b,output_sweep,512,512,2,7.049425905,213475219371,4700000
llama-3b,output_sweep,512,512,2,8.056951579,213498960033,3300000
llama-3b,output_sweep,512,512,2,9.066915051,213513414341,400000
llama-3b,output_sweep,512,512,2,10.077155361,213528015134,3200000
llama-3b,output_sweep,512,512,2,11.087487887,213542597067,400000
llama-3b,output_sweep,512,512,2,12.097907406,213557298567,400200
llama-3b,output_sweep,512,512,2,13.108407572,213571955878,3299966
llama-3b,output_sweep,512,512,2,14.118775494,213586751434,3200032
llama-3b,output_sweep,512,512,2,15.129064473,213601174004,3499051
llama-3b,output_sweep,512,512,2,16.139093330,213616240189,3400000
llama-3b,output_sweep,512,512,2,17.148684847,213631211952,3234169
llama-3b,output_sweep,512,512,2,18.158269347,213646054138,3400035
llama-3b,output_sweep,512,512,2,19.167245762,213661086204,3300000
llama-3b,output_sweep,512,512,2,20.177063253,213676005783,3300000
llama-3b,output_sweep,512,512,2,21.186068456,213690955269,3237471
llama-3b,output_sweep,512,512,2,22.194994472,213705995696,3299966
llama-3b,output_sweep,512,512,2,23.205125017,213720748832,3500000
llama-3b,output_sweep,512,512,2,24.214309312,213735582413,3599959
llama-3b,output_sweep,512,512,2,25.223786180,213750754249,399674
llama-3b,output_sweep,512,512,2,26.232438933,213765911681,3461224
llama-3b,output_sweep,512,512,2,27.242025894,213781006369,3600000
llama-3b,output_sweep,512,512,2,28.251360802,213796044416,3600000
llama-3b,output_sweep,512,512,2,29.260842838,213811104985,3599957
llama-3b,output_sweep,512,512,2,30.270343940,213826194974,3297727
llama-3b,output_sweep,512,512,2,31.279438354,213841397449,3600000
llama-3b,output_sweep,512,512,2,32.289276892,213856429515,400000
llama-3b,output_sweep,512,512,2,33.298144544,213871454684,3600000
llama-3b,output_sweep,512,512,2,34.307325450,213886785028,3201728
llama-3b,output_sweep,512,512,2,35.316889439,213901855424,3600000
llama-3b,output_sweep,512,512,2,36.326545151,213916907144,400000
llama-3b,output_sweep,512,512,2,37.336140961,213932092713,3499073
llama-3b,output_sweep,512,512,2,38.345453922,213947283592,3500039
llama-3b,output_sweep,512,512,2,39.354954564,213962416854,3500000
llama-3b,output_sweep,512,512,2,40.364600416,213977496344,400000
llama-3b,output_sweep,512,512,2,41.374150587,213992522490,400000
llama-3b,output_sweep,512,512,2,42.383613201,214007771108,3598069
llama-3b,output_sweep,512,512,2,43.393349147,214022921277,3487170
llama-3b,output_sweep,512,512,2,44.402896914,214038012302,3600000
llama-3b,output_sweep,512,512,2,45.412326619,214053190242,3500041
llama-3b,output_sweep,512,512,2,46.421912061,214068269244,400929
llama-3b,output_sweep,512,512,2,47.431754394,214083453104,3600036
llama-3b,output_sweep,512,512,2,48.441571548,214098674257,400000
llama-3b,output_sweep,512,512,2,49.451014966,214113675073,1222984
llama-3b,output_sweep,512,512,2,50.460184094,214128926498,3499940
llama-3b,output_sweep,512,512,2,51.470137060,214144093147,3499352
llama-3b,output_sweep,512,512,2,52.479490557,214159120879,3505102
llama-3b,output_sweep,512,512,2,53.489292790,214174308706,3500000
llama-3b,output_sweep,512,512,2,54.498983611,214189262953,1613528
llama-3b,output_sweep,512,512,2,55.508100381,214204383214,400000
llama-3b,output_sweep,512,512,2,56.517788413,214219582455,400000
llama-3b,output_sweep,512,512,2,57.527472876,214234736591,3603995
llama-3b,output_sweep,512,512,2,58.537106875,214249894634,400000
llama-3b,output_sweep,512,512,2,59.546301214,214265122927,1729198
llama-3b,output_sweep,512,512,2,60.554596061,214280078211,3700000
llama-3b,output_sweep,512,512,2,61.564054125,214295322252,3599963
llama-3b,output_sweep,512,512,2,62.573588935,214310430367,3529853
llama-3b,output_sweep,512,512,2,63.582820388,214325539765,3600036
llama-3b,output_sweep,512,512,2,64.592178288,214340757499,400000
llama-3b,output_sweep,512,512,2,65.601391737,214355917128,400000
llama-3b,output_sweep,512,512,2,66.611134032,214371057898,3608910
llama-3b,output_sweep,512,512,2,67.621444382,214386250669,3600000
llama-3b,output_sweep,512,512,2,68.631117718,214401367818,3600000
llama-3b,output_sweep,512,512,2,69.640297041,214416603863,400000
llama-3b,output_sweep,512,512,2,70.649791692,214431632266,400000
llama-3b,output_sweep,512,512,2,71.659274063,214446836817,3600000
llama-3b,output_sweep,512,512,2,72.669127034,214461995104,3599963
llama-3b,output_sweep,512,512,2,73.678763873,214477098031,3599963
llama-3b,output_sweep,512,512,2,74.688041164,214492327424,3419502
llama-3b,output_sweep,512,512,2,75.697482233,214507404961,3600038
llama-3b,output_sweep,512,512,2,76.706373509,214522525833,3500000
llama-3b,output_sweep,512,512,2,77.716525635,214537646460,3600000
llama-3b,output_sweep,512,512,2,78.726067350,214552828245,3500000
llama-3b,output_sweep,512,512,2,79.735929497,214567963216,3601824
llama-3b,output_sweep,512,512,2,80.745726952,214583104352,400000
llama-3b,output_sweep,512,512,3,.000860854,214612371733,400000
llama-3b,output_sweep,512,512,3,1.007170884,214632233010,400000
llama-3b,output_sweep,512,512,3,2.013997602,214652242236,4100000
llama-3b,output_sweep,512,512,3,3.020797486,214680449562,400000
llama-3b,output_sweep,512,512,3,4.027616742,214709016200,4099136
llama-3b,output_sweep,512,512,3,5.034889114,214736508195,4100000
llama-3b,output_sweep,512,512,3,6.041644615,214765286808,4099958
llama-3b,output_sweep,512,512,3,7.048552786,214793653312,4100000
llama-3b,output_sweep,512,512,3,8.055767600,214821753216,4025924
llama-3b,output_sweep,512,512,3,9.064181453,214837405764,3299966
llama-3b,output_sweep,512,512,3,10.074278303,214851860073,3300000
llama-3b,output_sweep,512,512,3,11.084558027,214866626514,3200000
llama-3b,output_sweep,512,512,3,12.095177501,214881172864,3300000
llama-3b,output_sweep,512,512,3,13.105289240,214895901036,3300000
llama-3b,output_sweep,512,512,3,14.115388108,214910519285,3299966
llama-3b,output_sweep,512,512,3,15.125111684,214925054221,3500035
llama-3b,output_sweep,512,512,3,16.134748872,214939971541,3400000
llama-3b,output_sweep,512,512,3,17.144724895,214954846442,3500035
llama-3b,output_sweep,512,512,3,18.154609884,214969841826,400000
llama-3b,output_sweep,512,512,3,19.164947753,214984702628,400000
llama-3b,output_sweep,512,512,3,20.174713194,214999742629,400000
llama-3b,output_sweep,512,512,3,21.184607605,215014545081,400000
llama-3b,output_sweep,512,512,3,22.194031810,215029436888,3600000
llama-3b,output_sweep,512,512,3,23.203687663,215044448935,3600040
llama-3b,output_sweep,512,512,3,24.212917476,215059578352,3296722
llama-3b,output_sweep,512,512,3,25.222392855,215074701909,3592592
llama-3b,output_sweep,512,512,3,26.231602637,215089776028,3600000
llama-3b,output_sweep,512,512,3,27.241453330,215104924671,3500000
llama-3b,output_sweep,512,512,3,28.252601920,215119906200,1239561
llama-3b,output_sweep,512,512,3,29.261811212,215135006687,3600000
llama-3b,output_sweep,512,512,3,30.271185279,215150060603,400000
llama-3b,output_sweep,512,512,3,31.280402449,215165199786,3599963
llama-3b,output_sweep,512,512,3,32.289662933,215180344217,3600036
llama-3b,output_sweep,512,512,3,33.299828449,215195533814,3499850
llama-3b,output_sweep,512,512,3,34.309371101,215210564599,3600000
llama-3b,output_sweep,512,512,3,35.318780657,215225707260,3290653
llama-3b,output_sweep,512,512,3,36.328163446,215240847236,3599373
llama-3b,output_sweep,512,512,3,37.337663380,215255756744,3600000
llama-3b,output_sweep,512,512,3,38.347387698,215271033560,2454275
llama-3b,output_sweep,512,512,3,39.356863505,215286129102,400000
llama-3b,output_sweep,512,512,3,40.367042807,215301257238,3601532
llama-3b,output_sweep,512,512,3,41.376343073,215316396481,400000
llama-3b,output_sweep,512,512,3,42.385465672,215331534626,400000
llama-3b,output_sweep,512,512,3,43.394843245,215346709270,3601183
llama-3b,output_sweep,512,512,3,44.404347987,215361904177,400000
llama-3b,output_sweep,512,512,3,45.413745891,215376977747,432472
llama-3b,output_sweep,512,512,3,46.423585111,215392157823,400000
llama-3b,output_sweep,512,512,3,47.433287666,215407237496,400000
llama-3b,output_sweep,512,512,3,48.442460967,215422371613,3499321
llama-3b,output_sweep,512,512,3,49.452067743,215437745413,3401003
llama-3b,output_sweep,512,512,3,50.462215576,215452729750,400000
llama-3b,output_sweep,512,512,3,51.471786644,215467789770,3500000
llama-3b,output_sweep,512,512,3,52.481183640,215482994870,3500000
llama-3b,output_sweep,512,512,3,53.490915023,215497991170,3050102
llama-3b,output_sweep,512,512,3,54.501030516,215513102826,400000
llama-3b,output_sweep,512,512,3,55.510076398,215528319461,3599058
llama-3b,output_sweep,512,512,3,56.519350390,215543429347,1997885
llama-3b,output_sweep,512,512,3,57.528524398,215558565417,3326201
llama-3b,output_sweep,512,512,3,58.537887176,215573642404,2646794
llama-3b,output_sweep,512,512,3,59.547056988,215588855134,3600000
llama-3b,output_sweep,512,512,3,60.556754632,215604007073,3569467
llama-3b,output_sweep,512,512,3,61.566235789,215619125442,3599962
llama-3b,output_sweep,512,512,3,62.575263103,215634267066,400000
llama-3b,output_sweep,512,512,3,63.584319549,215649402831,3596691
llama-3b,output_sweep,512,512,3,64.593671574,215664543173,3600000
llama-3b,output_sweep,512,512,3,65.602993637,215679836346,3500000
llama-3b,output_sweep,512,512,3,66.612422097,215694963139,3602036
llama-3b,output_sweep,512,512,3,67.621561851,215710041591,3599049
llama-3b,output_sweep,512,512,3,68.631384018,215725186450,400000
llama-3b,output_sweep,512,512,3,69.640960952,215740378672,400000
llama-3b,output_sweep,512,512,3,70.650226271,215755338778,3600039
llama-3b,output_sweep,512,512,3,71.659276677,215770661004,3600036
llama-3b,output_sweep,512,512,3,72.668842256,215785822098,3500000
llama-3b,output_sweep,512,512,4,.000921053,215817446163,400000
llama-3b,output_sweep,512,512,4,1.007281434,215837497991,400000
llama-3b,output_sweep,512,512,4,2.013999768,215857333329,4100000
llama-3b,output_sweep,512,512,4,3.021270486,215886019168,4100000
llama-3b,output_sweep,512,512,4,4.028636862,215913954399,4100041
llama-3b,output_sweep,512,512,4,5.035470038,215942475078,400000
llama-3b,output_sweep,512,512,4,6.042284094,215970870697,400000
llama-3b,output_sweep,512,512,4,7.049070256,215999134052,400000
llama-3b,output_sweep,512,512,4,8.056124697,216025953930,400000
llama-3b,output_sweep,512,512,4,9.064810932,216041177646,400000
llama-3b,output_sweep,512,512,4,10.075839176,216055672787,3300000
llama-3b,output_sweep,512,512,4,11.085911684,216070361653,3200032
llama-3b,output_sweep,512,512,4,12.096408158,216085018537,3200000
llama-3b,output_sweep,512,512,4,13.106878074,216099661627,3200000
llama-3b,output_sweep,512,512,4,14.117162394,216114340483,3200032
llama-3b,output_sweep,512,512,4,15.127511466,216128933708,3399961
llama-3b,output_sweep,512,512,4,16.137497429,216143624954,400000
llama-3b,output_sweep,512,512,4,17.146900280,216158609230,3400000
llama-3b,output_sweep,512,512,4,18.156750322,216173587524,3400000
llama-3b,output_sweep,512,512,4,19.166841888,216188484397,3400000
llama-3b,output_sweep,512,512,4,20.176688726,216203436691,3399589
llama-3b,output_sweep,512,512,4,21.186955612,216218291206,400000
llama-3b,output_sweep,512,512,4,22.196244297,216233221832,3600000
llama-3b,output_sweep,512,512,4,23.205303277,216248367545,1251870
llama-3b,output_sweep,512,512,4,24.214536461,216263409804,3321251
llama-3b,output_sweep,512,512,4,25.224222918,216278448095,3264234
llama-3b,output_sweep,512,512,4,26.234148670,216293485105,3600000
llama-3b,output_sweep,512,512,4,27.243489763,216308653279,3500000
llama-3b,output_sweep,512,512,4,28.252998693,216323638470,3600000
llama-3b,output_sweep,512,512,4,29.262317992,216338871708,3499964
llama-3b,output_sweep,512,512,4,30.271654341,216353885951,400000
llama-3b,output_sweep,512,512,4,31.281234126,216368990771,3599963
llama-3b,output_sweep,512,512,4,32.290306519,216384086863,400000
llama-3b,output_sweep,512,512,4,33.299578422,216399140963,400000
llama-3b,output_sweep,512,512,4,34.309460087,216414391107,3500000
llama-3b,output_sweep,512,512,4,35.318984201,216429438370,3600000
llama-3b,output_sweep,512,512,4,36.328353840,216444507485,3504735
llama-3b,output_sweep,512,512,4,37.337734354,216459640319,3600000
llama-3b,output_sweep,512,512,4,38.347445290,216474872153,3232746
llama-3b,output_sweep,512,512,4,39.356936220,216489924727,3499962
llama-3b,output_sweep,512,512,4,40.367124846,216505019598,3600000
llama-3b,output_sweep,512,512,4,41.376300197,216520253568,912710
llama-3b,output_sweep,512,512,4,42.385667336,216535349842,3599871
llama-3b,output_sweep,512,512,4,43.394777209,216550504100,3500000
llama-3b,output_sweep,512,512,4,44.404567234,216565519260,3532811
llama-3b,output_sweep,512,512,4,45.413735284,216580729060,3415871
llama-3b,output_sweep,512,512,4,46.423429850,216595881304,3600000
llama-3b,output_sweep,512,512,4,47.432896945,216611026712,400000
llama-3b,output_sweep,512,512,4,48.442397043,216626198182,3500000
llama-3b,output_sweep,512,512,4,49.451865387,216641237267,3501321
llama-3b,output_sweep,512,512,4,50.461317221,216656542892,400000
llama-3b,output_sweep,512,512,4,51.470959486,216671515509,400000
llama-3b,output_sweep,512,512,4,52.480447275,216686492766,3700000
llama-3b,output_sweep,512,512,4,53.489349489,216701698965,3600000
llama-3b,output_sweep,512,512,4,54.498530367,216716805616,3600000
llama-3b,output_sweep,512,512,4,55.507525656,216731984837,3600000
llama-3b,output_sweep,512,512,4,56.515851219,216747132503,3600000
llama-3b,output_sweep,512,512,4,57.525402765,216762359149,400326
llama-3b,output_sweep,512,512,4,58.534995199,216777472086,3599960
llama-3b,output_sweep,512,512,4,59.544895817,216792620058,400000
llama-3b,output_sweep,512,512,4,60.554530185,216807782434,3600036
llama-3b,output_sweep,512,512,4,61.563992724,216822907273,3600000
llama-3b,output_sweep,512,512,4,62.573219685,216838154914,3500000
llama-3b,output_sweep,512,512,4,63.582711631,216853232146,3600000
llama-3b,output_sweep,512,512,4,64.592445248,216868451101,3500000
llama-3b,output_sweep,512,512,4,65.602069255,216883537183,3600000
llama-3b,output_sweep,512,512,4,66.611291664,216898701573,3600000
llama-3b,output_sweep,512,512,4,67.620630438,216913802487,3500000
llama-3b,output_sweep,512,512,4,68.630475779,216928946247,3502066
llama-3b,output_sweep,512,512,4,69.640238225,216944117412,3476333
llama-3b,output_sweep,512,512,5,.000852479,216981699103,400000
llama-3b,output_sweep,512,512,5,1.007046386,217001766251,400000
llama-3b,output_sweep,512,512,5,2.014080274,217021369960,4100000
llama-3b,output_sweep,512,512,5,3.021103454,217049647354,4100000
llama-3b,output_sweep,512,512,5,4.028284470,217077798527,4100000
llama-3b,output_sweep,512,512,5,5.035349464,217105427546,4100000
llama-3b,output_sweep,512,512,5,6.042440241,217133942060,4100000
llama-3b,output_sweep,512,512,5,7.049097459,217162261690,4100000
llama-3b,output_sweep,512,512,5,8.056713221,217187198821,3400000
llama-3b,output_sweep,512,512,5,9.066181388,217201988517,3181354
llama-3b,output_sweep,512,512,5,10.076931545,217216480911,400000
llama-3b,output_sweep,512,512,5,11.087040061,217230988442,400000
llama-3b,output_sweep,512,512,5,12.097297921,217245416994,400000
llama-3b,output_sweep,512,512,5,13.106987643,217260361109,3300000
llama-3b,output_sweep,512,512,5,14.116822513,217275287218,3200000
llama-3b,output_sweep,512,512,5,15.127549563,217289600109,400000
llama-3b,output_sweep,512,512,5,16.137645853,217304521701,400000
llama-3b,output_sweep,512,512,5,17.147645110,217319458614,400000
llama-3b,output_sweep,512,512,5,18.157671220,217334328388,3500645
llama-3b,output_sweep,512,512,5,19.167676024,217349316326,3401591
llama-3b,output_sweep,512,512,5,20.178316659,217364338687,3434033
llama-3b,output_sweep,512,512,5,21.188315549,217379228847,400000
llama-3b,output_sweep,512,512,5,22.198017631,217394117541,3500000
llama-3b,output_sweep,512,512,5,23.207484865,217409055369,3600000
llama-3b,output_sweep,512,512,5,24.216883200,217424174838,3600000
llama-3b,output_sweep,512,512,5,25.225782905,217439341119,3599963
llama-3b,output_sweep,512,512,5,26.235256016,217454329729,3605142
llama-3b,output_sweep,512,512,5,27.244793489,217469394815,400000
llama-3b,output_sweep,512,512,5,28.253987058,217484502442,3602366
llama-3b,output_sweep,512,512,5,29.263296354,217499569664,400000
llama-3b,output_sweep,512,512,5,30.272776805,217514686691,400000
llama-3b,output_sweep,512,512,5,31.282074417,217529833625,400000
llama-3b,output_sweep,512,512,5,32.291630805,217544949614,3599959
llama-3b,output_sweep,512,512,5,33.300786235,217560011526,3588569
llama-3b,output_sweep,512,512,5,34.309971655,217575182202,400000
llama-3b,output_sweep,512,512,5,35.319509115,217590301671,3601994
llama-3b,output_sweep,512,512,5,36.328810295,217605408504,3500000
llama-3b,output_sweep,512,512,5,37.338009022,217620501605,3600000
llama-3b,output_sweep,512,512,5,38.347146443,217635686808,3498282
llama-3b,output_sweep,512,512,5,39.356752419,217650774355,3500000
llama-3b,output_sweep,512,512,5,40.366480930,217665940576,3600043
llama-3b,output_sweep,512,512,5,41.375745348,217680956040,3600043
llama-3b,output_sweep,512,512,5,42.385659325,217696224922,3505785
llama-3b,output_sweep,512,512,5,43.395384374,217711227753,3599957
llama-3b,output_sweep,512,512,5,44.404698037,217726476615,3600000
llama-3b,output_sweep,512,512,5,45.414482641,217741643202,3475136
llama-3b,output_sweep,512,512,5,46.424481910,217756568335,3600000
llama-3b,output_sweep,512,512,5,47.433703583,217771818296,3599960
llama-3b,output_sweep,512,512,5,48.442864684,217787104511,1165390
llama-3b,output_sweep,512,512,5,49.452304998,217802287761,3500000
llama-3b,output_sweep,512,512,5,50.462321420,217817339969,3500000
llama-3b,output_sweep,512,512,5,51.472751631,217832484400,3497955
llama-3b,output_sweep,512,512,5,52.482502228,217847721300,400000
llama-3b,output_sweep,512,512,5,53.492513587,217862636789,3600000
llama-3b,output_sweep,512,512,5,54.501972253,217877667390,3596697
llama-3b,output_sweep,512,512,5,55.510991167,217892795098,3599521
llama-3b,output_sweep,512,512,5,56.520548346,217907951370,400000
llama-3b,output_sweep,512,512,5,57.529913932,217923111182,2628975
llama-3b,output_sweep,512,512,5,58.538834736,217938352598,3467555
llama-3b,output_sweep,512,512,5,59.548105707,217953393575,400000
llama-3b,output_sweep,512,512,5,60.557518611,217968604962,400000
llama-3b,output_sweep,512,512,5,61.566741517,217983681340,651151
llama-3b,output_sweep,512,512,5,62.576171577,217998828884,400000
llama-3b,output_sweep,512,512,5,63.585315560,218014027331,3600000
llama-3b,output_sweep,512,512,5,64.594863466,218029179209,2286603
llama-3b,output_sweep,512,512,5,65.604197998,218044343599,3600000
llama-3b,output_sweep,512,512,5,66.613999176,218059559624,3388500
llama-3b,output_sweep,512,512,5,67.623401657,218074584671,3496720
llama-3b,output_sweep,512,512,5,68.632812354,218089758400,3262738
llama-3b,output_sweep,512,512,5,69.641727364,218104894408,3546957
llama-3b,output_sweep,512,512,5,70.650968424,218120140646,3599019
llama-3b,output_sweep,512,512,5,71.660593221,218135317731,400000
